公益財団法人アドヴァン山形育英会,給付,"
(1) 東京都内の大学、大学院、専門学校等に通う学生であること
(2) 学業優秀、品行方正、心身共に健康である方で、自らの夢や目標に向けて学ぶ意欲がありながらも経済的支援を必要とする方
(3) 全学年を対象とする
(4) 年齢は2022年4月1日現在で29歳以下とする
(5) 所得制限なし
(6) 留学生も可
(7) 他の奨学金との併用
　　① 貸与型奨学金との併用は可
　　② 民間の給付型奨学金との併用は不可
　　　（国、地方自治体、日本学生支援機構の給付型奨学金および
　　　　大学独自の給付型奨学金との併用は可）","
※ 2022年4月入学の学域1年生の場合は、下記の(2)推薦書、
　(3)在学証明書、(4)成績証明書は必要ありません。
(1) 奨学生願書（当財団所定用紙）
(2) 在学学校長または教授等の推薦書（当財団所定用紙）
(3) 在学証明書
(4) 成績証明書（直近のもの）
(5) 住民票謄本（マイナンバー記載のないもの）

推薦書の作成を依頼できる教員がいない場合は、
自己推薦書を作成し、経済支援係に提出してください。",全体 15名程度,1年間,"30,000円/月",募集要項,2022/03/10募集終了,大学経由
一般財団法人荒井芳男記念財団,給付,"(1)2021年4月1日現在で23歳以下の学域2～4年生が対象(学域生のみ)
※2022年4月より大学院進学予定者も応募可能
(2)学部、学科は機械系、化学系、電気系である者
(3)2021年4月1日現在、日本国籍または日本永住権を有する者
(4)最短修業年限にて卒業見込みがある者
(5)過去に当財団の奨学金または研究助成金を受給していない者
(6)当財団の奨学生ではない者
(7)学業優秀であり、品行方正である者
(8)経済的支援を必要とする者
(9)当財団が定める報告書を期日までに提出できる者","1. 書類送付書
2. 願書(写真添付)
3. 応募時誓約書
4. 小論文
5. 学生証
6. 成績証明書
7. 住民票の写し
8. 2021年度(2020年分)所得課税証明書(原本)",全体 30名程度,正規の最短修業年限,"100,000円/年",募集要項,2022/01/14募集終了,直接
公益信託池田育英会トラスト,給付,"愛媛県内の高等学校を卒業している方、または保護者(奨学生が成人の場合、保護者であった方)が愛媛県内に在住してる方で、大学または大学院に在学する次の要件を満たす方。専攻は不問。
(1) 大学2年生以上、もしくは大学院に在学
(2) 学業・人物ともに優秀で、経済的支援の必要な方
　　※他の奨学金との併用","
(1)公益信託池田育英会トラスト奨学金給付申請書(様式1)
(2)推薦書(様式2)
(3)個人情報利用に関する確認・同意書(様式3)
(4)在学証明書
(5)学業成績証明書
(6)父母両方（またはこれに代わって家計を支えている方）および
　 本人の所得確認資料
(7)申請書類送付書(様式4)",全体 5名,正規の最短修業期間,"17,000円/月＋α",募集要項,2022/05/13募集終了,直接
公益財団法人いであ環境・文化財団,給付,"
【環境分野】
以下の項目を全て満たしていること。

1. 令和4年4月1日現在、本奨学金の対象大学の（注1）のうち学部2年生以上の者（大学院博士課程までを含む）で、
   大学の正規課程において、将来、環境保全の分野で社会貢献を目指すための専門科目を専攻していること（なお、
   環境分野におけるシンポジウム等での発表や環境政策提言等を行った経験があれば尚可とします。）
2. 所属大学からの推薦を受けることができること
3. 別途定める学力基準を満たしていること（注3）","
  1. 奨学金給付願書（所定様式）：1部
   2. 直近年度の成績証明書（GPAも記載されているもの)：1部
   3. (2)についてのGPA計算書（所定様式）：1部
   4. 所属大学の推薦書（所定様式）：1部
   5. 推薦理由書（所定様式）：1部
   6. 個人情報の取扱いに関する同意書（所定様式）：1部
   7. 応募理由書（奨学金応募の目的や使途を記載した書類) 
   　（所定様式）：1部
   8. 活動実績を記載した書類
   9. 環境分野について、下記のテーマを中心に論じた小論文
       ※テーマ：現在及び将来において自身が学問・研究を通じて
       　　　　　環境の保全・改善に対してどのように取り組むか
       ※環境分野におけるシンポジウム等での発表や提言がある
       　場合、その内容にも触れてください。
       ※書式は自由としますが、Microsoft Word等の文書作成ソフトを
       　利用して1,500字以内(A4判片面1ページ程度)にまとめてください
           （文字サイズは11ポイント以上としてください)。",全体 30名程度,1年間,"200,000円/年",募集要項,2022/04/27募集終了,大学経由
公益信託岩井久雄記念東京奨学育英基金（三井住友信託銀行）,給付,"
(1) 東京都所在の大学及び大学院の理工学分野で学ぶ日本国籍を有する学生
(2) 将来は日本の指導者の一人として国の発展の為に尽くそうとする志を持つ者
(3) 学業、人物ともに優秀であり、かつ健康である者
(4) 学費の支払いが容易ではない者
(5) 在籍大学の推薦を受けることができること
　①在籍学部・・・理学部、工学部、理工学部、農学部(生命科学)等
　②学年
　　学部・・・3年次
　　※国際科学オリンピック金メダル獲得者は学部の１年次より
　　　申請可。
　　　但し、3年次以降も受給希望の場合は、一般枠で再度申請が
　　　必要。

　　大学院・・修士課程・博士前期課程１年次
　　　　　　　博士後期課程1年次
学域生の方へ：高等教育修学支援新制度の給付奨学生であっても、その身分を保ちつつ受給を「停止」することで、本奨学金を受給することができます。給付奨学生の身分を「辞退」する必要はありません。","
(1) 奨学金給付申請書(別紙様式)
(2) 在学証明書
(3) 学業成績証明書
(4) 確認書(別紙様式、該当者のみ)",全体 各10名、本学推薦各2名以内（成績上位者各2名を選考の上推薦）,正規の最短修業期間,"学部：100,000円/月大学院：120,000円/月",募集要項(両面印刷),2022/05/17募集終了,大学経由
一般財団法人エイブル文化振興財団,給付,"以下の各項目にいずれも該当すると認められる者
（１）学業優秀、品行方正であり、かつ経済的な支援を必要とする
　　　こと
（２）将来、グローバルに活躍する夢を持つ学生であること
（３）2022年4月時点で在学し、東京都、神奈川県の大学キャンパス
　　　に通学している者
（４）支給期間中、当財団が定めるレポート等を期日までに提出
　　　できる者
（５）支給期間中、当財団の行事に積極的に参加できる者
　　　※学校教育法に定める大学の学部生を対象とします。
　　　　 短期大学、大学校、夜間学部、通信制大学は含みません。","※指導教員等、推薦書の作成を依頼できる教員がいない場合は、
　自己推薦書を作成し、締切の２週間前までに経済支援係に提出してください。


① 1 次審査（書類審査）
　　財団のホームページ（下記アドレス）の「応募フォーマット」に
　必要事項を入力し、送信してください。大学の推薦書、在学証明
　書、成績証明書、生計を維持している人全員の課税(所得)証明書
　については、PDFファイルで送信してください。
　　なお、大学の推薦書で開封できないものについては、受付期間内
　に郵送してください。

　・当財団ホームページアドレス：
　　https://www.ablefoundation.or.jp

② 2 次審査（書類審査、面接を行う場合があります）
　　1次審査合格者はメールで通知しますので、下記の書類を提出して
　　ください。
　　書類を送付する際は、書留、宅配便など追跡機能がある方法に
　　よることをお勧めします。
　　【提出書類】
　　　ア～ウは当財団指定様式となりますので、当財団から送付する
　　　フォーマットに記入してください。なお、提出書類が日本語以
　　　外の場合は、第三者による日本語訳を添付してください。
　　
　　　　ア 書類送付書
　　　　イ 願書（写真添付）
　　　　ウ 小論文（800字程度）
　　　　エ 大学の在学証明書の原本
　　　　オ 大学の推薦書の原本
　　　　カ 一年生は高等学校、他の学年は在籍している大学の成績
　　　　　 証明書の原本
　　　　キ 住民票の原本（3ヶ月以内に発行された、マイナンバーの
　　　　　 記載がなく、世帯全員はわかるもの）
　　　　ク 令和3年度分課税（所得）証明書の原本
③ 2 次審査合格者には書類を送付しますので、必要事項を記入すると
　ともに署名捺印し、郵送してください。",全体 40名程度,1年間,"100,000円",募集要項,1次：2022/05/16募集終了,直接
一般財団法人ＡＳＪ財団,給付,"
(1) 日本国籍を有し、2022年4月1日現在、大学2～4年次
　　または大学院に在学していること
(2) 自身の専攻または学業に関する意欲が認められる者
(3) 心身ともに優れている者(高い志を持ち、品行が正しく、
　　将来良識ある社会人としての活躍が期待できる者)","
財団HPより必要事項の直接入力、必要書類のアップロードとなります。

①　奨学生願書(HP内項目に直接入力方式)
②　奨学金支給の応募理由書(HP内項目に直接入力方式)
③　写真・・・以下形式のJPEGファイル
　　　・ファイルサイズ：20KB～7MB
　　　・ピクセルサイズ：幅、高さ 各480～6000ピクセル
④　在学証明書・・・和文で記載されているものを写真に撮って、
　　　　　　　　　　JPEGファイルにてアップロード
⑤　成績証明書・・・和文で記載されているものを写真に撮って、
　　　　　　　　　　JPEGファイルにてアップロード
⑥　小論文(1500字以内)・・・次のテーマのうち、いずれかを選択。
　　[1]将来のエネルギー問題について、あなたはどう考えますか？
　　[2]豊かな地域社会を実現するために、どのような役割を果たし
　　　 たいですか？",全体 30名程度,正規の修業期間を終了する日の属する月まで,"30,000円/月",募集要項,2022/04/30募集終了,直接
一般財団法人LPC Foundation,給付,"以下の(1)～(5)のすべてに該当すること 
(1) 日本国籍を有すること  
(2) 国内の大学の経済系学部※に在籍する学部3年生であること  
(3) 応募締切日時点で年齢25才以下であること  
(4) 経済的な理由により学費の支弁が困難であること  
(5) 就学状況及び生活状況について適時報告できること  
※経済学部、経営学部及び商学部、並びにこれらに類するもの 
（例：政治経済学部経済学科、社会・ 国際学群社会学類経済学主専攻、
　　　理工学部経営工学科）","
① 奨学生願書（所定の様式を用いて作成したもの） 
② 在学証明書（在学校が発行するもの）
③ 成績証明書（在学校が発行するもの）
④ 住民票の写し（同一世帯内全員分の記載があるもの) 
⑤ 所得を証明する書類（家計支持者全員分の所得を証明できるもの）
⑥ 個人情報取り扱いに関する同意書
　（所定の様式を用いて作成したもの）",全体 10名,2年間 ,"480,000円/年",募集要項,2022/05/31,直接
一般財団法人オークネット財団,給付,"以下の(1)～(5)のすべてに該当すること 
(1) 日本国籍を有すること  
(2) 国内の大学の経済系学部※に在籍する学部3年生であること  
(3) 応募締切日時点で年齢25才以下であること  
(4) 経済的な理由により学費の支弁が困難であること  
(5) 就学状況及び生活状況について適時報告できること  
※経済学部、経営学部及び商学部、並びにこれらに類するもの 
（例：政治経済学部経済学科、社会・ 国際学群社会学類経済学主専攻、
　　　理工学部経営工学科） ","
① 奨学生願書（所定の様式を用いて作成したもの） 
② 在学証明書（在学校が発行するもの）
③ 成績証明書（在学校が発行するもの）
④ 住民票の写し（同一世帯内全員分の記載があるもの) 
⑤ 所得を証明する書類（家計支持者の所得を証明できるもの）
⑥ 個人情報取り扱いに関する同意書
　（所定の様式を用いて作成したもの）",全体 10名,2年間 ,"40,000円/月",募集要項,2022/05/31,直接
公益財団法人オーディオテクニカ奨学会,給付,"1. 東京都内の大学又は大学院で理工学を学ぶ者
　対象学年：学域生　　令和4年4月に2～4年次に在学する者
　　　　　　大学院生　令和4年4月に修士1～2年次に在学する者
2. 健康でかつ学業の成績が優秀な者
3. 経済的理由により学費の支弁が困難である者
　　世帯合計年収上限は1,000満円、500万円以上1,000万円未満は
　　願書奨学金志望の理由欄に学費支弁が困難な理由を記入する
　　こと。所得の種類、金額、世帯構成、進学形態、家庭の事情
　　などをすべて考慮する。
4. 本会が主催する行事に出席できる者
　　(1) 奨学生生活状況報告会　5月
　　(2) 奨学生の集い　9月11日（日）予定
5. 奨学金支給開始までにゆうちょ銀行口座を用意できる者","(1) 連帯保証人と連署した奨学生願書（本人写真添付のもの）
(2) 在学する学長または学部長の推薦書
(3) 成績証明書
(4) 所得証明書
　　（源泉徴収票令和3年分もしくは課税証明/非課税証明書
　　　令和2年度分）
(5) 小論文


指導教員等、推薦書の作成を依頼できる教員がいない場合は、
自己推薦書を作成し、経済支援係に提出してください。",本学推薦1名（全体 21名）,正規の最短修業期間,"20,000円/月",募集要項,2022/04/21募集終了,大学経由
一般財団法人大森昌三記念財団,給付,"
(1) 日本国内の大学・大学院、職能大に在籍する者
(2) 2022年4月2日現在、大学2・3・4年、大学院修士、博士課程に
　　在籍する者
(3) 2022年4月2日現在、大学生は満23歳以下､
　　大学院生は満33歳以下の者。留学生の場合、大学生は
　　満31歳以下､大学院生は満38歳以下の者
(4) 在学する学校長等の推薦する者
(5) 学費の支弁が困難と認められる者
(6) 人柄が優れている者
(7) GPA3.0以上の者","
① 奨学生願書(指定書式) 
　　※本人自筆
　　※「奨学生願書③」について別紙添付の場合はA4用紙を使用、
　　　5枚以内
② 写真(縦4cm×横3cmで裏面に記名の上、①の奨学生願書に貼付)
③ 在学証明書（原本）
④ 成績証明書（原本）
　　※成績証明書にGPAの記載がない場合には算出して記載して
　　　ください。
　　※最終学歴だけでなく全ての学歴の成績証明書を提出して
　　　ください。
⑥ 推薦書（原本）
　　　※学長、研究科・専攻長、指導教官のうちいずれか1名により
　　　　書かれたもの
　　　※学校指定書式がある場合はそれをご使用ください
　　　※推薦書の作成を依頼できる教員がいない場合は、自己推薦書
　　　　を作成し、経済支援係に提出してください。
⑦ 本人および家族の年収額証明書類（2021年度分）
　　　※「源泉徴収票」、「確定申告」、「納税証明書」、市区町村
　　　　発行の「所得証明書」のいずれか
　　　※ 各書類の写し可
　　　※ 学生本人の2021年度分の収入額を証明する書類
　　　　（源泉徴収票等）を提出してください。
　　　※ 収入がない場合んは、収入がない証明（非課税証明書等）を
　　　　 提出してください。",全体 20名程度,正規の最短修業期間,"30,000円/月",募集要項,2022/06/10,大学経由
一般財団法人岡本教育財団,給付,"以下の(1)～(5)のすべてに該当すること 
(1) 日本国籍を有すること  
(2) 国内の大学の経済系学部※に在籍する学部3年生であること  
(3) 募集年度4月1日時点で年齢25才以下であること  
(4) 経済的な理由により学費の支弁が困難であること  
(5) 就学状況及び生活状況について適時報告できること  
※経済学部、経営学部及び商学部、並びにこれらに類するもの 
（例：政治経済学部経済学科、社会・ 国際学群社会学類経済学主専攻、
　　　理工学部経営工学科） ","
① 奨学生願書（所定の様式を用いて作成したもの） 
② 在学証明書（在学校が発行するもの）
③ 成績証明書（在学校が発行するもの）
④ 住民票の写し（同一世帯内全員分の記載があるもの) 
⑤ 所得を証明する書類（家計支持者の所得を証明できるもの）
⑥ 個人情報取り扱いに関する同意書
　（所定の様式を用いて作成したもの）",全体 10名,2年間(学域3、4年次),"480,000円/年",募集要項,2022/05/31,直接
公益財団法人川本・森奨学財団,給付,"
(1） 2022年4月1日現在、
　　　　大学生　 ：1～4年次
　　　　大学院生：修士1～2年次　に在学していること
(2) 学業優秀、品行方正であること
(3) 経済的理由により、学費の支弁が困難であること
(4) 学校長の推薦があること
(5) 財団が主催する行事に出席できること","
(ア) 奨学生願書
(イ) 学校長の推薦書
　　　※推薦理由は指導教員等に記入していただき、
　　　　学校名等欄は未記入で提出してください。
(ウ) 履歴書（写真貼付)
(エ) 家族状況報告書
(オ) 個人情報の取扱に関する同意書
(カ) 作文
(キ) 経済状況を証明する書類(所得証明書等)
       （奨学生本人ではなく、家族としての経済状況を証明するもの）
(ク) 在学証明書および学業成績証書(高校または前学年)
(ケ) 住民票


指導教員等、推薦書の作成を依頼できる教員がいない場合は、
自己推薦書を作成してください。",本学推薦学域・修士各1名（全体 各13名）,正規の最短修業期間,"学域　25,000円/月大学院30,000円/月",募集要項,2022/04/22募集終了,大学経由
一般財団法人KAWAJIRI FOUNDATUON,給付,"
以下の(1)～(5)のすべてに該当すること。
(1) 日本国籍を有すること 
(2) 国内の大学の経済系学部(※)に在籍する学部3年生であること 
(3) 応募締切日時点で年齢 25 才以下であること 
(4) 経済的な理由により学費の支弁が困難であること 
(5) 就学状況及び生活状況について適時報告できること 
　　　※経済学部、経営学部及び商学部、並びにこれらに類するもの
　　　（例：政治経済学部経済学科、社会・国際学群社会学類
　　　　　　経済学主専攻、理工学部経営工学科） ","
① 奨学生願書（所定の様式を用いて作成したもの） 
② 在学証明書（在学校が発行するもの） 
③ 成績証明書（在学校が発行するもの）
④ 住民票の写し（同一世帯内全員分の記載があるもの) 
⑤ 所得を証明する書類（家計支持者の所得を証明できるもの） 
⑥ 個人情報取り扱いに関する同意書（所定の様式を用いて作成した
　 もの）",全体 10名,2年間(学域3～4年次),"480,000円/年",募集要項,2022/06/30,直接
公益財団法人キーエンス財団　給付型奨学金,給付,"以下のいずれの各項にも該当する者
・2022年4月に日本の大学に入学する者  
（4年制の学部・学科生に限る。ただし通信教育課程及び夜間学部生、
　並びに留学生を除く。）  
・2022年4月1日現在、20歳以下である者  
・経済的な支援を必要とする者  
  ※ 日本学生支援機構を含む他の奨学金との併用について  
    （併用とは、当財団の奨学金に加え、期間を一部でも重複して他の
    　奨学金を受給すること）  
    ・貸与型奨学金：併用可  
・給付型奨学金：併用不可（ただし海外留学支援の奨学金は併用可）  
・国の修学支援制度による授業料減免：併用可  
・大学独自の制度のうち現金が給付されるのではなく、大学に納付する
　授業料が実際に減額または免除される制度：併用可 ","
＜一次選考＞
1. 必要事項をWEBフォームに登録
2. 小論文
＜二次選考＞(一次選考通過者のみ)
① 大学の学生証（写真付）：Ａ4用紙1枚に学生証の両面をコピー
　 したもの 
② 在籍大学の在学証明書（原本） 
　※ 2022年4月以降での在籍を証明するものであること。 
③ 卒業高校の調査書（原本、開封無効） 
　※ 高等学校卒業程度認定試験後合格者は、合格成績証明書(原本)
④ 世帯全員分の住民票の写し（原本）
　※ 発行から3ヶ月以内
　※ 続柄記載あり
　※ 日本国籍を有する者：本籍地記載あり
　　 上記以外の者　　　：在留資格等記載あり
　※ マイナンバーの記載のないもの
⑤ 所得・課税証明書又は非課税証明書・住民税決定証明等の原本
　※ 市町村が発行した収入及び所得控除の金額の記載があるもの
　※ 令和 2 年 1 月 1 日から 12 月 31 日までの所得に基づくもの
　※ 原則として父母両方の証明書を提出
　　　ただし、離別又は死別で父母がいない場合は、応募者の生活を
　　　支えている者を含めた証明書の提出を求めることがあります。
⑥ 健康保険証：Ａ４の用紙にコピーしたもの
　※「ご家族の状況」に記載した家族全員分を提出してください。",全体 500名,正規の最短修業年限,"80,000円/月",募集要項,一次選考：2022/04/08二次選考：2022/04/27募集終了,直接
公益財団法人キーエンス財団　「がんばれ！日本の大学生」応援給付金,給付,"
応援給付金への応募ができる方は、以下の a ～ f の項目すべてに該当
する方になります。なお、他の奨学金等との併用についての制限はあり
ません。 
a. 日本の大学に在籍する大学生（2021年度の新1年生を除く）で
　 ある者 
　（4年制の学部・学科生に限る。ただし通信教育課程及び夜間
　 学部生、並びに留学生を除く。）  
b. 2022年4月1日現在、23歳以下である者  
c. 最短修業年限(*)にて卒業の見込みがある者  
d. 昨年までの「がんばれ！日本の大学生」応援給付金を受給して
　 いない者  
e. 当財団の奨学生ではない者  
f. 勉学に励み、目標をもって頑張っている大学生  ","
財団ホームページ上にて必要事項を登録してください。
Web 登録情報をもとにした選考審査により決定した書類提出対象者に
のみ、下記書類の提出を求めます。これにより、Web 登録情報との照合
を行います。
　① 大学の学生証（写真付）：Ａ4用紙1枚に学生証の両面をコピー
　　 したもの 
　② 在籍大学の在学証明書（原本） 
　　※ 2022年4月以降での在籍を証明するものであること。 
　③ 在籍大学の成績証明書（原本） 
　　※ 入学年度から 2021年度終了時までの成績が分かる証明書で
　　 あること。 
　④ 住民票の写し（原本） 
　　※ 発行日から3ヶ月以内 
　　※ 日本国籍を有する者：本籍地記載があるもの  
   　　上記以外の者      ：在留資格等記載があるもの 
　　※マイナンバーの記載がないもの 
　　※ 応募者のみが記載された住民票で結構ですが、世帯全員分を
　　　 取得された場合は、分離せずに世帯全員分を提出ください。 
　　※ 現住所と異なる住所が記載されているものでも問題ありません。 ",全体 2000名,－,"300,000円",募集要項,予備選考：2022/04/28本選考：2022/05/12募集終了,直接
公益財団法人北澤育英会,給付,"2021年度の新規募集はありません。
1. 将来、社会に貢献し得る人材として大学長が推薦する、日本国籍を
　 有する学生で大学1年生又は2年生に進級した者
2. 学生の扶養世帯の総所得金額が500万円以下の者
3. 大学1年生については高校調査書の評定平均値が4.0以上
　(5段階評価の場合)、
　 大学2年生については1年次のGPAが単位取得後、2.8以上
　 又は成績証明書の総合点が75点以上(100点満点の場合)の者
4. 応募時の年齢が25才以下の者
5. 財団が定める奨学生の義務を履行できる学生（給付式・新奨学生
　 歓迎会に参加すること、財団主催の交流行事に積極的に参加でき
　 ること、毎月近況報告を行うこと、会誌への寄稿をすること）
　 詳細は募集要項参照。願書は経済支援係にメール等で請求して
　 ください","
① 奨学生推薦書（在学する大学長の推薦書）
② 奨学生願書
③ 家族状況書
④ 自己推薦書
⑤ 高校調査書(1年次)、成績証明書(2年次)
⑥ 健康診断書
⑦ 住民票
⑧ 所得証明書
⑨ 家族に就学者がいる場合は、当該就学者の学生証コピーまたは
　 在学証明書
⑩ 個人情報保護のための告知並びに同意書 ",本学推薦1名,正規の最短修業期間,"50,000円/月",募集要項,2020/06/10募集終了,大学経由
公益財団法人北野生涯教育振興会,給付,"
次に掲げる要件をすべて満たす方。
1.　日本国籍を有している
2.  財団が指定する大学・大学院の学生であること
3.  在学する学長、研究科長、専攻長、指導教員等の推薦する者
4.  心身ともに優れている者
5.  社会人として就労経験が3年以上(通算)であること 
6.  2022年4月1日において学域2年もしくは修士1年に在学し、
　 45歳以下の者
7.  収入要件：給与収入世帯の場合：世帯合計収入1000万円未満
　　　　　　  給与収入以外の世帯：自営業などその他収入500万未満
8.  年1回の奨学生交流会への出席","
① 奨学金願書(申請書)：財団指定用紙及び小論文
② 推薦書（学長、研究科長、専攻長、指導教員等のうちいずれか1名に
　 より書かれた者）
③ 成績証明書(直近の年のもの)
④ 在学証明書(直近③ヶ月以内発行のもの)
⑤ 住民票の写し(マイナンバー記載のないもの)　世帯全員のもの
⑥ 在職証明書等(3年以上就労している、していた事を証明するもの)
⑦ 所得証明書もしくは源泉徴収票など本人もしくは世帯全員の所得を
　 証明するもの


指導教員等、推薦書の作成を依頼できる教員がいない場合は、
自己推薦書を作成してください。 ",本学推薦1名,正規の最短修業期間,"月額学域 50,000円修士 60,000円",募集要項,2022/05/17募集終了,大学経由
一般財団法人木原財団,給付,"
以下の(1)～(5)のすべてに該当すること。
(1) 日本国籍を有すること 
(2) 国内の大学の理工系学部※に在籍する学部 3 年生であること 
(3) 応募締切日時点で年齢 25 才以下であること 
(4) 経済的な理由により学費の支弁が困難であること 
(5) 就学状況及び生活状況について適時報告できること 
　　※理工学部、理学部、工学部、並びにこれらに類するもの
　　（例：情報理工学部、創造工学部、理工学群応用理工学類
　　　　　応用物理主専攻）","
① 奨学生願書（所定の様式を用いて作成したもの）
② 在学証明書（在学校が発行するもの） 
③ 成績証明書（在学校が発行するもの）
④ 住民票の写し（同一世帯内全員分の記載があるもの) 
⑤ 所得を証明する書類（家計支持者の所得を証明できるもの）
⑥ 個人情報取り扱いに関する同意書
　（所定の様式を用いて作成したもの）
⑦ 応募チェックリスト（所定の様式を用いて作成したもの） ",全体 10名,2年間(学域3、4年次),"480,000円/年",募集要項,2022/05/31,直接
公益財団法人クマ財団 クリエイター奨学金,給付,"次のすべてに該当する者とします。
1. 2022年 4月に、高専4年生以上及び専攻科、専門学校、短期大学、
　 4年制大学、大学院に在籍する学生
2. 2022年 4月1日現在で25歳以下の者
3. 新たな価値創造を目指し、自ら創作活動をしている者。
　 未開発な領域に挑戦し、新しい価値を創造しようとして
　 いる者。伝統から新たな価値を創ろうとしている者。","
1. クマ財団 WEBサイトからエントリー
2. 願書・作品資料を提出 ",全体 60名程度,1年間 ,"100,000円/月",募集要項,前期：2022/01/31後期：2022/03/31募集終了,直接
一般財団法人上月財団,給付,"
クリエイター（CGアーティスト・コンセプトアーティスト・
ゲームクリエイター・イラストレーター・漫画家等）を目指している
25歳くらいまでの方を対象。","
1. 助成申請書
2. 公募作品
3. 公募票",全体 30名程度,1年間 ,"60,000円/年",募集要項,前期：2022/05/06募集終了,直接
公益財団法人COSINA奨学会,給付,"
下記のいずれにも該当すると認められる者とします。
（１）品行方正、健康で学業成績が優秀であること
（２）学資が豊かでないこと
（３）長野県内の大学院、大学および高等専門学校に通う
　　　機械工学、電気工学等の理工系学生
　　　又は長野県外の大学院および大学に通う長野県内の
　　　高等学校を卒業した機械工学、電気工学等の理工系学生
（４）出願する年の4月現在において、大学院1年生、大学3年生、
　　　高等専門学校4年生に在籍する者
（５）学校の推薦が受けられる者","
（１）奨学生願書（本財団指定用紙、写真添付のこと）
（２）大学学長又は大学教授・高等専門学校教授の推薦書
　　（本財団指定用紙）
（３）在学証明書
（４）成績証明書（大学院1年生については、大学最終学年の
　　　成績証明書）
（５）源泉徴収票、所得証明書、納税証明書のうちいずれか1点
（６）個人情報の取り扱いに関する同意書（本財団指定用紙）
（７）作文（本財団指定用紙）
　　　前回応募時の合否に関係なく、再度応募される方は、
　　　再応募者課題となります。
　　　　 初回応募者課題・・「私の将来の夢について」
　 　　　再応募者課題・・・「私の研究活動の社会的意義について」
（８）高等学校の卒業証明書（ただし、長野県外の大学院及び大学に
　　　通う学生のみ）
（９）奨学金受給申込書類　確認票 ",全体 20名程度,2年間,"30,000円/月",募集要項,2022/05/09募集終了,大学経由
公益財団法人国土育英会,給付,"
(1) 学業、人物ともに優秀で、かつ健康であって、学業の維持のために
　　奨学金の給与が必要と認められる者
(2) 2022年4月時点で正規生として大学・大学院に在学する日本人学生。
　　所属学部・学科は不問。
(3) 東京都内での面接、またはスカイプ面接が可能な者
(4) 毎年度末に、成績証明書、在学証明書または卒業証明書を提出
　　できる者
(5) 財団が開催する交流会に参加できる者","
①奨学生願書
②在学学校長又は指導教授の推薦書
③在学証明書（在学校が発行するもの）
④成績証明書（大学生1年次は高校卒業時の成績証明書)
⑤所得証明書または納税証明書
⑥健康診断書",本学推薦1名,在学課程最終年度まで,"18,000円/月",募集要項,2022/04/28募集終了,大学経由
公益財団法人寿財団,給付,"
以下の(1)～(5)のすべてに該当すること。 
(1)  日本国籍を有すること 
(2)  首都圏に所在する大学の 3 年生であること 
(3)  募集年度 4 月 1 日時点で年齢 25 才以下であること 
(4)  経済的な理由により学費の支弁が困難であること 
(5)  就学状況及び生活状況について適時報告できること 
※(2)  の首都圏とは「東京都、神奈川県、千葉県、埼玉県」をさします 
※(2)  は 4 年制学部の春季入学者に限ります","
①  奨学生願書 
②  在学証明書（在学校が発行するもの） 
③  成績証明書（在学校が発行するもの） 
④  住民票（同一世帯内全員分の記載があり、
　 マイナンバーの記載が無いもの) 
⑤  所得を証明する書類（家計支持者の所得を
　 証明できるもの） 
⑥  個人情報取り扱いに関する同意書 ",全体 10名,2年間 ,"40,000円/月",募集要項,2022/06/01,直接
公益財団法人佐藤奨学会,給付,"
大学または大学院に在学し、学業、人物とも優秀で、かつ健康であり、学資の支弁が困難と認められるもの。
推薦書は本学指定様式で作成してください。（ Word ／PDF ）","
（１） 願書（財団指定フォーマット）
（２） 在学学校長の推薦書（財団指定フォーマット）
（３） 成績証明書
（４） 健康診断書（発行が間に合わない場合は後日提出のこと）
（５） 家計維持者の収入証明書コピー（両親可）
（６） 課題（A4用紙1枚、自由記述）
　　  課題内容：「10年後の自分」について
　　　　10年後、どのように社会で貢献できる人間になりたいか、
　　　　A4用紙1枚にご記入ください。絵や写真の貼付可能です。 ",本学推薦1名,正規の最短修業期間,"学域生25,000円/月院生　30,500円/月",募集要項,2020/04/10募集終了,大学経由
公益財団法人佐藤定雄国際奨学財団,給付,"
「（１）理工系の学生」「（２）スポーツに励む」どちらかにおいて、
①～⑤の全てに該当すると認められる者 

（１）理工系の学生 
　① 理工系の学部に通っていること 
　② 品行方正、志操堅固、健康で、学業成績が優秀であること 
　③ 学資が豊かでないこと 
　④ 日本の大学に通う者であること 
　⑤ 出願する年の4月現在において、次の学年に在籍する者 
　　　大学生・・・2年生又は3年生 

（２）スポーツに励む学生 
　① スポーツに励んでいること 
　② 品行方正、志操堅固、健康であること 
　③ 学資が豊かでないこと 
　④ 日本の大学に通う者であること 
　⑤ 出願する年の4月現在において、次の学年に在籍する者
　　　大学生・・・2年生又は3年生 ","
(1）学校の推薦 
　 奨学金の申請を行う場合は、学校の推薦（在学大学長又は所属学部長
　 その他これに相当する者の推薦状） が必要です。 
　　※推薦書は本学指定様式で作成してください。
　　（ Word ／ PDF ）

　　　指導教員等、推薦書の作成を依頼できる教員がいない場合は、
　　　自己推薦書を作成してください。
 
(2）願書の提出 
所定の願書に下記の書類を添付し、学校を通して提出してください。 
      ①  学業成績証明書 
      ②  写真（最近撮影の半身脱帽のもの） 
      ③  作文課題：  (日本語1,000文字程度  パソコンによる作成必須) 
　　　ア．将来世の中に貢献したいこと 
　　　イ．科学立国としての日本を考える 
　　　（「ア．」「イ．」のうち、どちらか一方を選択してください）",本学推薦3名,2年間,"30,000円/月",募集要項願書希望者は窓口問合せ,2022/05/17募集終了,大学経由
社会福祉法人佐倉市社会福祉協議会,給付,"
奨学金の支給を受けることができる方（奨学生）は次のすべての用件を備えている方です。
（１）佐倉市在住であり、ひとり親世帯かつ低所得世帯に属している
　　　こと。
（２）健康であり、学業成績、人物ともに優秀であること。
（３）学費の援助を必要とする家計状況であること。
（４）学校教育法に規程する4年制の大学または短期大学に在学する
　　　者であって満23歳未満の方。ただし、医療系等修業年限が4年を
　　　超える学部については、除外する。
　　　また、下記①②のどちらかに該当すること。
　　　①大学及び短期大学の学部・学科・専攻等が概ね偏差値60以上
　　　　であること。
　　　　（あくまで目安ですので個別にご相談ください。）
　　　②大学及び短期大学では福祉学を専攻し、将来福祉分野での
　　　　仕事に就くことを目指している。

（５）在学する学長もしくは学部長の推薦が得られること。
（６）国の実施する給付型奨学金を受給もしくは既に申請をしている
　　　こと。","
①奨学生願書（様式第１－２号）
②推薦書（様式第２－２号）
③成績証明書（本年度前期の成績状況まで記載されているもの）
④小論文　論文課題：「大学で学んでいること・将来の夢」
　（８００文字以内で自筆で作成のこと）
⑤住民票（本人と生計を一にする世帯全員のもので発行から３ヶ月
　以内のものに限る）
⑥所得証明書（当該年度のものであること）
　※所得証明書は本人と生計を一にする世帯全員の証明書とします。
⑦返信用封筒[申請者本人宛の郵便番号、住所、宛名を記入し、84円
　切手を貼付したもの]　",若干名,正規の最短修了年限,150万円/年を限度に授業料等実費,募集要項,2021/8/10募集終了,直接
社会福祉法人さぽうと２１生活支援プログラム,給付,"
【在留資格】
① 難民（インドシナ難民・条約難民・第三国定住難民）とその子など
② 日系定住者（中南米など）または 中国帰国者の子など
③ 上記①と②と同等の事情があるとみなされる、外国籍・元外国籍の
　 方も応募できます。
※ 在留資格が「留学」の方は応募できません。

【学校】
日本国内の専門学校、大学に通っている方
（4月に入学予定の人も応募できます）

【その他】
経済的な理由で、学校に通うことが難しい方
さぽうと21の実施する研修行事等に参加可能な方（交通費支給）","
①  応募用紙
②  あなたと家族全員（＝世帯）の住民票 
　　※  国籍、在留資格、在留期間、世帯主との続柄（家族の代表者
　　　 との関係）を省略しないでください。 
③  あなたと同居する家族全員の、1 年間の所得（給与など）を証明
　 する書類  （a またはb） 
　　　a)  最新の課税(または非課税)証明書  （市役所/区役所発行、
　　　　　所得金額が書いてあるもの） 
　　　b)  生活保護受給証明書  （生活保護を受けている場合） 
④  成績表のコピーまたは、成績証明書（原本）   ※  最新のもの 
⑤「入学許可書」または「合格通知」のコピー
　　※  2022 年4 月に入学予定の方のみ、決定後お送り下さい。 ",全体 20名程度,1年間,"240,000円/年",募集要項,2022/01/28募集終了,直接
社会福祉法人さぽうと２１坪井一郎・仁子学生支援プログラム,給付,"
日本での在留資格
　日本在住の外国籍・元外国籍の学生で、下記の①・②に該当する者 
　①  難民（インドシナ難民・条約難民・第三国定住難民）及びその子弟 
　②  中国帰国者三世、日系定住者（中南米など）二世
　※ 上記と同等の事情があるとみなされる、外国籍・元外国籍の
　　 学生も対象とします。
　※ 在留資格が「留学」の学生は、原則として支援の対象と
　　 なりません。

学年
　2022年4月に大学3年生以上、または大学院在籍・進学見込みの者
　※ 主に理系の方を優先しますが、専攻分野の指定はありません。
　※ 大学院 在籍・進学予定者については、修士課程を優先します。","
①応募用紙
　※  ホームページよりダウンロード可
②エッセイ
　※  800  ～  1000 字程度（日本語） 
　※  A4横書き・用紙指定なし 
　※  必ず氏名を記入すること 
③推薦状 1通
　※  推薦者：指導教官など 
　※  書式は、ホームページよりダウンロード可 
④住民票
　※  同居する家族全員分 
　※  国籍、在留資格、続柄  明記
⑤収入の状況を示す書類
　※  以下、  a かb のいずれかを提出 
　※  生計を同一にする家族（学生以外）分 
　　　　a 課税証明書 
　　　　b 生活保護受給証明書
⑥成績証明書  1通
　※  3 ヵ月以内に発行されたもの
⑦合格通知書（コピー） 
　※  2021年度入学者予定者  のみ",全体 10名程度,1年間 ,"学域生：400,000～800,000円/年大学院生：600,000～1,000,000円/年",募集要項,2021/11/01募集終了,直接
社会福祉法人さぽうと２１　pp（パチンコ・パチスロ）奨学金,給付,"
・日本に在住する以下のいずれかであること
　　①日本国籍を有する者
　　②永住者*
　　③特別永住者*
・2022年度に国内の大学院（修士課程まで）、大学、短期大学、
　専門学校、高等専門学校へ進学予定、もしくはすでに在籍して
　いる者で18歳～35歳であること
・経済的な理由で修学が困難な者
・学業優秀であること
・自らの研究もしくはこれからの研究に関する、未来への夢や
　ビジョンを明解に語ることができること
・pp奨学金の広報に積極的に協力できること 
　（当サイトやPP各店のポスターといった様々な広報機会に
　　おいて、個人が特定されない範囲で顔写真、学校名等の
　　掲載を了承できる者）

* 永住者は「出入国管理及び難民認定法」に基づき、特別
　永住者は「出入国管理及び難民認定法」、「日本国との
　平和条約に基づき日本の国籍を離脱したもの等の出入国
　管理に関する特例法」に基づいています。","
・応募用紙
・保護者及び本人の2020年の納税証明書または課税証明書
　（収入がない場合も必要）
・同居する家族全員の住民票（世帯主と続柄が明記され、3ヶ月以内に
　発行されたたもの）
・最新の成績証明書（3ヶ月以内に発行されたもの）
・推薦状（高校生の場合は所属校長または担任教師からのもの。
　大学生などの場合は本人をよく知る教職員等からのもの。書式や
　内容は推薦者の任意。）",全体 30～40名程度,1年間,"30,000～50,000円/月",募集要項,2019/10/31募集終了,直接
公益財団法人CTC未来財団,給付,"
2020年4月の大学入学者。詳細は募集要項参照。
（2020年度の特例）入手困難な書類は後日郵送で可。
出願は直接財団へ。","
",全体 10名,　　,"60,000円/月",募集要項,2020/04/30募集終了,直接
公益財団法人CTC未来財団,応援給付金,"
家計状況急変により修学継続が困難な状況にある2020年4月1日現在
23歳以下の学域生。
エントリーフォームにて申請後、内定者は必要書類を提出する。詳細は募集要項参照。","
",全体 150名程度, ,"200,000円",募集要項,2020/06/18募集終了,直接
公益財団法人G-7奨学財団,給付,"
■大学又は大学院に在籍し、学業優秀、品行方正で、学修意欲があり
　心身ともに健康であり、将来社会的に有益な活動を目指す者で
　あって、学資の援助をすることが必要であると認められること。
■日本国籍を有していること。
■他の奨学金制度との併用・併願は可能です。（ただし、支給額を
　調整することがあります。） ","
交付申請書
奨学金申請者情報
奨学金申請者理由書
家庭状況調査書（1/2）
家庭状況調査書（2/2）
推薦書申請

指導教員等、推薦書の作成を依頼できる教員がいない場合は、
自己推薦書を作成してください。",全体 38名程度,1年間,"上限1,200,000円/年",募集要項,2022/04/15募集終了,大学経由
公益財団法人JPC奨学財団,給付,"
この奨学金の応募資格は、次のすべてに該当する者とします。 
(1) 2022 年 4 月 1 日現在、関東地方（東京都、神奈川県、埼玉県、
　　千葉県、茨城県、栃木県、群馬県）の大学の理工系の学部又は
　　研究科に所属する大学1年生及び大学院1年生（修士課程又は博士
　　前期課程）であること 
(2) 日本国籍を有すること 
(3) 2022年 4 月 1 日現在の年齢が 30歳以下であること 
(4) 学業、人物ともに優秀であり、健康であること。
推薦書作成は、大学１年生は高校に依頼し、大学院１年生は指導教員に
依頼すること（一番下の学長証明は学生課で行います）。","
(1) 大学1 年生の場合 
・奨学生願書・履歴書（大学1 年生版、所定の様式） 
・住民票の写し（本人分とし・マイナンバー記載は不要） 
・前課程の成績証明書（高校の調査書等で各教科の評定、
　出欠の記録が記載されたものに限る。） 
・在学証明書 
・高等学校長の推薦書（所定の様式） 

(2) 大学院1 年生の場合 
・奨学生願書・履歴書（大学院 1 年生版、所定の様式） 
・住民票の写し（本人分とし・マイナンバー記載は不要） 
・前課程の GPA 学力基準証明書（GPA が記載されたもので、大学が
　発行する書類であること）及び標準化 GPA 計算書（所定の様式）
・在学証明書 
・大学学長の推薦書（所定の様式）  ",全体 7名程度,正規の最短修了年限,"30,000円/月",募集要項,2022/04/28募集終了,大学経由
一般財団法人神保教育文化財団,給付,"
以下の(1)～(5)のすべてに該当すること。
(1) 日本国籍を有すること 
(2) 国内の大学の情報工学科※に在籍する学部 3 年生であること 
(3) 応募締切日時点で年齢 25 才以下であること 
(4) 経済的な理由により学費の支弁が困難であること 
(5) 就学状況及び生活状況について適時報告できること 
　※これに類するものを含む
（例：情報システム工学科、情報通信工学科、電気電子情報工学科）","
① 奨学生願書（所定の様式を用いて作成したもの）
② 在学証明書（在学校が発行するもの） 
③ 成績証明書（在学校が発行するもの）
④ 住民票の写し（同一世帯内全員分の記載があるもの) 
⑤ 所得を証明する書類（家計支持者の所得を証明できるもの）
⑥ 個人情報取り扱いに関する同意書
　（所定の様式を用いて作成したもの） ",全体 10名,2年間(学域3、4年次),"480,000円/年",募集要項,2022/05/31,直接
公益財団法人重田教育財団,給付,"
以下の(1)～(5)のすべてに該当する者。
 (1)  日本国籍を有する者
 (2)  海外の大学又は大学院への入学が決定している者 
 (3)  経済的な理由により留学費用の支弁が困難であること 
 (4)  学業優秀且つ品行方正であること 
 (5)  就学状況及び生活状況について適時報告できること 
※但し、学位取得を目的とする正規留学を対象とし、語学留学・
　短期留学等は対象外とします ","
１）応募書類 
①  奨学生願書 
②  在学証明書又は卒業（修了）証明書 
③  成績証明書 
④  合格通知書又は入学許可書の写し 
⑤  学生ビザの写し 
⑥  語学力を証明できるもの 
⑦  住民票 
⑧  所得を証明する書類 
⑨  個人情報取り扱いに関する同意書  ",全体 5名,2年間,"200,000円/月",募集要項,2022/06/30,直接
昭和池田賞,給付,"
大学、大学院に在籍する学生。指定課題に対する論文・映像が大賞。","
1. 論文
2. 映像
　　DVDディスク、またはUSBメモリーによるもの。
　　テーマは共通、いずれも表紙と梗概（８００字以内）を
　　添付すること。

論文は、下記のテーマから選び、問題を掘り下げ、副題をつけて
提出してください。
1.ポストコロナ社会を考える
2.日本の伝統文化を考える
3.日本の針路、この考えはどうだ！
　①日本国の安全保障と憲法
　②グローバル社会の展望と日本
　③日本国人口1億人の維持策を問う
　④科学技術立国としての日本を考える
　⑤その他",昭和池田賞1名、優秀賞若干名,－,賞金及び財団規定の奨学金（給付）,募集要項,2021/02/末日(消印有効)募集終了,直接
公益財団法人昭和池田記念財団,給付,"
財団の理科系大学院生対象特別奨学生となるには、各項の示す
全ての条件を満たすものでなければならない。
(1)本財団が提携する大学院の理科学系博士前期課程(修士課程)
　 又は博士後期課程(博士課程)で、かつ所定の学科専攻の者。
(2)奨学金受領の修了に際し、研究テーマに付き、財団の設営する
　 発表会で公開が可能な者。
(3)現在、他の企業・財団等の奨学金を受領しておらず、また今後
　 とも受領予定のない者。
(4)学業成績、人物共に優秀な者。
(5)心身共に健全な者。
(6)将来的に有為な活動を目指す者。
(7)1990年4月2日以降生れである者。","
①奨学生申請書(本人の写真3cm× 4cm貼付)
②奨学生推薦書(主任教授または指導教授の推薦)
③成績証明書(学部成績書も含む)
④健康診断書",本学推薦2名,2年間 ,"150,000円/月",募集要項,2020/04/03募集終了,大学経由
一般財団法人生涯学習開発財団,給付,"
以下の条件を満たす者

1. 50歳以上（性別、国籍、所属を問わない）
2. 日本国内に在住している者
3. 博士課程（博士後期課程を含む）に在籍するか、論文博士号の
　 取得をめざし、かつ実行性の高い研究計画書を作成した者、
　 もしくは博士論文の一部分をすでに作成した者
4. 日本国内の大学で博士号を取得予定の者
5. 当財団のウェブサイト及び情報誌にて、氏名・年齢・研究タイトル・
　 写真の公開を了承する者
　＊インタビューなど財団の活動にご協力いただくことと、選考決定証
　　授与式（2022年3月に財団にて開催予定）ご参加いただく ことを
　　本事業助成金支給の要件とさせていただきます。","
①指定申請書
②身元証明書（在学証明書、住民票、外国人登録済み証明書など）
③研究計画書（①とは別に必要です。ただし特定の書式はありません）
④学業成績証明書（直近のもの。ただし、博士課程に在籍する者のみ）
⑤完成した論文のコピー（部分可。ただし、博士課程に在籍せず、
　論文博士をめざす者のみ）
⑥指導教授の推薦書（博士課程に在籍する者）
⑦論文指導をする者（論文提出先の者が望ましい）の推薦書
（注）博士課程に在籍中の応募者は ①②③④⑥ を、論文博士を執筆中の
　　　応募者は ①②③⑤⑦ の提出を御願いします。なお、⑤は任意提出",定めない,－ ,"500,000円/年",募集要項,2020/12/11募集終了,直接
一般財団法人成和記念財団（研究奨励Ａ・Ｂ）,給付,"
【研究奨励A】
　2021年4月1日現在大学院博士課程に在籍するか、それと同等以上と
　認められる在日コリアン（在留資格が特別永住者もしくは永住者）
　が対象。日本国内の大学および研究機関において自然科学の基礎
　または応用に関する研究に携わり、これまでの研究活動や今後の
　研究計画を通じて、優れた成果及び将来性が期待できる者に授与。
　2006年度以前の旧受賞規定による「研究奨励賞」を受賞した者は申請
　不可。

【研究奨励B】
　2021年4月1日現在大学院修士課程に在籍するか、それに相当すると
　認められる在日コリアン（在留資格が特別永住者もしくは永住者）
　が対象。修士2年（修了年度）に在籍する者の申請については、次年度
　博士課程に進学予定の場合に限り認める。
　申請者の今後の研究計画における積極性、意欲、将来性を重視する。","
　財団所定の申請書（当財団ホームページhttp://www.skz-spa.or.jp/
　よりダウンロードすること）、在留資格を証明できるもの（特別永住
　者証明書または外国人登録証明書もしくは在留カード）と、所属を
　証明できるもの
　（学生証または在学証明書などのコピーを電子メールで送付する
　　こと。これらの証明書類は審査以外には一切使用いたしません）",全体でA，B計3名程度,－,"A 700,000円B 300,000円",募集要項,2021/11/15募集終了,直接
公益財団法人杉山奨学財団,給付,"以下の(1)～(5)のすべてに該当すること 
(1) 日本国籍を有すること  
(2) 国内の大学の経済系学部※に在籍する学部3年生であること  
(3) 応募締切日時点で年齢25才以下であること  
(4) 経済的な理由により学費の支弁が困難であること  
(5) 就学状況及び生活状況について適時報告できること  
※経済学部、経営学部及び商学部、並びにこれらに類するもの 
（例：政治経済学部経済学科、社会・ 国際学群社会学類経済学主専攻、
　　　理工学部経営工学科） ","
① 奨学生願書（所定の様式を用いて作成したもの） 
② 在学証明書（在学校が発行するもの）
③ 成績証明書（在学校が発行するもの）
④ 住民票の写し（同一世帯内全員分の記載があるもの) 
⑤ 所得を証明する書類（家計支持者の所得を証明できるもの）
⑥ 個人情報取り扱いに関する同意書
　（所定の様式を用いて作成したもの）",全体 10名,2年間 ,"480,000円/年",募集要項,2022/05/31,直接
一般財団法人関物流技術振興財団,給付,"
以下の(1)～(5)のすべてに該当すること。 
(1) 日本国籍を有すること 
(2) 国内の大学の理工系学部※に在籍する学部 3 年生であること 
(3) 応募締切日時点で年齢 25 才以下であること 
(4) 経済的な理由により学費の支弁が困難であること 
(5) 就学状況及び生活状況について適時報告できること 
　　※理工学部、理学部、工学部、並びにこれらに類するもの
　　（例：情報理工学部、創造工学部、理工学群、応用理工学類、
　　　　　応用物理主専攻）","
① 奨学生願書（所定の様式を用いて作成したもの） 
② 在学証明書（在学校が発行するもの）
③ 成績証明書（在学校が発行するもの）
④ 住民票の写し（同一世帯内全員分の記載があるもの) 
⑤ 所得を証明する書類（家計支持者の所得を証明できるもの） 
⑥ 個人情報取り扱いに関する同意書（所定の様式を用いて作成した
　 もの）",全体 10名,"2年間（学域3,4年次） ","480,000円/年",募集要項,2022/05/31,直接
大学女性協会（一般奨学生）,給付,"
文部科学省の認可する大学の大学院に在籍１年以上の女子学生で、
学業人物ともに優れた者。","
（１）履歴書・自己紹介書（写真貼付） 
（２）一般社団法人大学女性協会国内奨学生推薦書 
　　　　・記入者は在籍する大学の学長・学域長・類長・
　　　　　指導教員のいずれかであること。 
　　　　・学長氏名・印又は奨学金担当者職名・氏名・印が必要。 
（３）研究、勉学の内容について 
　　　　・大学院生は様式Ａ 
　　　　・学域生は様式Ｂ 
（４）研究業績リストおよび社会的活動 
　　　　・大学院生のみ 
（５）学業成績証明書
　　　　・在籍する（直近に在籍した）大学院（学部生は大学）の
　　　　　もの。
● 連絡用応募者情報 
　　応募者全員は「連絡用応募者情報」に記載のURL/QRコードに
　　アクセスし、枠内に必要な情報を記入し、「送信」ボタンで
　　送信すること（印刷して提出は不要）。 ",本学推薦1名,－,"200,000円",募集要項,2020/08/07募集終了,大学経由
大学女性協会（社会福祉奨学生）,給付,"
文部科学省の認可する大学の学部・大学院に在籍１年以上の
女子学生で、身体に障害があり、かつ学業人物ともに優れた者。","
（１）履歴書・自己紹介書（写真貼付） 
（２）一般社団法人大学女性協会国内奨学生推薦書 
　　　　・記入者は在籍する大学の学長・学域長・類長・
　　　　　指導教員のいずれかであること。 
　　　　・学長氏名・印又は奨学金担当者職名・氏名・印が
　　　　　必要。 
（３）研究、勉学の内容について 
　　　　・大学院生は様式Ａ 
　　　　・学域生は様式Ｂ 
（４）研究業績リストおよび社会的活動 
　　　　・大学院生のみ 
（５）学業成績証明書
　　　　・在籍する（直近に在籍した）大学院
　　　　（学部生は大学）のもの。
６）身体障害状況報告書と身体障害者手帳の写し 
　　　　・社会福祉奨学生のみ
 
● 連絡用応募者情報 
　　応募者全員は「連絡用応募者情報」に記載の
　　URL/QRコードにアクセスし、枠内に必要な情報を
　　記入し、「送信」ボタンで送信すること
　　（印刷して提出は不要）。 ",本学推薦1名,－,"学域：100,000円大学院：200,000円",募集要項,2020/08/07募集終了,大学経由
一般財団法人鷹野学術振興財団,給付,"
次の(1)～(4) (  日本国籍を有しない方は(1)～(5) ) の各項すべてを
満たす方 
　(1) 国内の大学の大学生ならびに大学院生で「 科学技術関係 」を
　　　専攻している学生 
　　　　【「科学技術関係」の範囲 】 
　　　　　電気電子工学、光学関連、画像処理関連、機械工学、
　　　　　物理学、情報工学、材料工学、化学関連、医療機器関連、
　　　　　健康･福祉関連、環境･エネルギー関連、農学･機能性食品等
　(2) 2022年4月1日現在、大学の1～3年に在籍していること、
　　　もしくは、大学院修士課程の1 年次に在籍していること 
　(3) 卒業後は「製造業への就職を希望」していること 
　(4) 過去に当財団の奨学生に採用されたことがないこと 
　(5) 外国人(日本国籍を有していない方)の場合は、日本語の
　　　会話・読み書きに習熟していること","
(1) 奨学生願書(財団指定様式を使用)
　　原則としてパソコン入力により作成してください。
　　(但し、自筆による作成でも可)
　　(指定様式はホームページからダウンロードしてください) 
(2) 大学の成績証明書 (大学又は短大1 年生の場合は出身高等学校の
　　調査書) 
(3) 推薦書 (学部長若しくは所属研究室長、指導教授、これに準じる方) 
　　大学又は短大1年生の場合は、出身高等学校長又は指導教諭の推薦書
　　でも可 
(4) 学校の在学証明書 
(5) 調査のためのレポート (奨学生願書2 枚目の項目) 
　　　①研究名・研究概要(200 字程度) 
　　　　大学(短大)１年生の場合、どのような研究に取り組みたいか
　　　　(テーマ、目的、計画など)   
　　　②小論文 「研究テーマをどう社会に活かしていきたいか」 

指導教員等、推薦書の作成を依頼できる教員がいない場合は、
自己推薦書を作成し、締切の2週間前までに経済支援係に提出してください。",全体 若干名,1年間,"50,000円/月",募集要項,2022/05/16募集終了,直接
公益財団法人TAKEUCHI育英奨学会,給付,"
2022年4月1日現在、学域2～3年次又は大学院博士前期課程1年次に
在籍している長野県出身の学生。詳細は募集要項参照。
推薦書の作成を依頼できる教員がいない場合は、
自己推薦書を作成し、経済支援係に提出してください。","
所定の願書に下記の書類を添付し、学校を通して提出してください。

① 学業成績証明書
② 写真（最近撮影の半身脱帽のもので願書に貼り付ける）
③ 作文「現在の専門分野を選んだ理由とエンジニアとしての将来の夢」
　　(日本語 1,000 文字程度 パソコンによる作成必須)

＊願書及び作文用のフォーマットは法人のホームページから
　取得して下さい。必ず当該フォーマットで作成して下さい。

④ 父母の年間所得について、学校に年間所得が確認できる
　 書類として市町村発行の所得課税証明書を必ず提出し、
　 願書に学校より相違のないことの証明を受けてください。
　（父母がいない場合は代わって家計を支えている主たる生計者） ",全体 70名程度,2年間,"60,000円/月",募集要項,2022/05/09募集終了,大学経由
多摩未来奨学金,給付,"
以下の(1)及び(2)を満たすもの。 
　(1) ネットワーク多摩加盟大学(加盟申込中を含む)の学生で、
　　　以下の基準を満たしている、多摩地域に在住している又は
　　　多摩地域のキャンパスに通学する学生。 
　(2) 2021年4月において、四年制大学2年生または3年生、
　　　短期大学2年生、高等専門学校5年生、高等専門学校専攻科1年生。","
① 「多摩未来奨学金申込書」（写真を添付して下さい） 
② 所属大学の学長名推薦状（各大学の任意書式） 
　　※各大学からの推薦者の上限は3 名までとします。 
　　　 但し、協賛会員については採用枠の上限を1 名までとします。 
③ 小論文（指定の書式A4 用紙1 枚で作成）P13 参照 
④ 「成績証明書」（所属大学による前年度までの累積GPA） 
　　※GPA 値の変換が必要な場合は変換の説明書類を添付、証明書に
　　　GPA が記載されていない場合は、大学からGPA が分かるものを
　　　作成してもらい添付。 
⑤ 「2020 年度源泉徴収票」、または「2020 年度住民税（非）課税
　　証明書」 
⑥ 家計証明書類（給与所得証明書等がないとき） 
⑦ 採用後に学生教育研究災害傷害保険(略称「学研災」)、学研災
　 付帯賠償責任保険 (略称「学研賠」)の加入証明の提出が必要です。",全体 40名まで,－ ,"200,000円",募集要項,2020/07/02募集終了,直接
一般財団法人種とまと財団,給付,"
（1）日本国籍を有し、理工系の大学の学部3年生として在学し4 年生へ
　　 進学が見込まれること、または4年生として在学し学内の修士課程
　　 への進学が決定していること
（2）経済的な理由により学費の支弁が困難であること。
　　（但し、応募者が多数の場合は、東日本大震災等の被災者等を
　　 優先することがある。）
（3）学業優秀、健康、品行方正であること
（4）当財団の奨学金受給時において、原則として、企業等の民間が支給
　　 する奨学金（ 給付・貸与）を受給していないこと（ 公的奨学金で
　　 ある国・地方自治体・ 日本学生支援機構奨学金との併給は可）","
奨学金申込書、身上・履歴書、世帯主等の所得証明書＊1、
世帯全員の住民票、在学証明書、成績証明書、
推薦書（修士進学決定証）、罹災証明書の写＊2

＊1 応募者を扶養する世帯主及び他の家計支持者の市区町村の所得
　　 証明書
＊2 東日本大震災・ 熊本地震・ 鳥取県中部地震等の災害で被災された
　　 場合 ",本学推薦1名,学域：1年修士：2年 ,"80,000円/月",募集要項,2021/10/12募集終了,大学経由
朝鮮人奨学生,給付,"
1．日本全国各大学（短期大学も含む）の学部、または専門学校に
　 在籍する在日朝鮮人学生で、募集要項に記載の＜奨学制度の目的＞に
　 賛同する 30 歳未満の者。（国籍不問）
2．成績が優良で、かつ学費の支弁が困難な者。
3．本教育会の指定行事に積極的に参加する意思のある者。
※ 本国からの留学生を除く。
※ 大学院生の募集は行わない。
※ 日本学生支援機構を除く他の給付制の奨学金との併給は不可。
　 但し応募は可能。","
1．申請書2通（本会所定用紙）
2．在学証明書1通
3．学業成績証明書1通
4．写真2枚（正面上半身、3ヶ月以内に撮影したもの
　　（3cm×4cm）を各申請書に貼る。）
5．身上書1通（本会所定用紙）
6．返信用封筒2枚（長形3号（23.5cm×12.0cm）の封筒それぞれに
　　申請者の郵便番号、現住所、姓名を表書きし、84円分の切手を
　　付する）

※収入・所得を証明する書類（書類審査を通過した者のみ、面接時に
　提出する。詳細は、面接通知書に記載する。）
※上記１～６に定めた書類などの不備・欠落は書類審査段階で不採用
　とする。郵送前に募集要項を必ず確認すること。
※新入生は出身校の最終学年の学業成績証明書を提出する。
※本会所定用紙はHPよりダウンロード及び印刷したものを利用する
　か、本会に問い合わせる。

△書類一式を在日本朝鮮人教育会中央常任理事会（奨学部）に
　　期間内に提出すること。 ",－ ,1年間,"学域1年：160,000円/年学域2～4年：200,000円/年",募集要項,2022/05/28,直接
一般財団法人ＴＳＣ奨学会,給付,"
（1）日本国内に居住し、日本国籍を有していること。
（2）日本国内の四年制大学及び修士課程大学院（通信・
　　 夜間を除く、以下「大学等」という）に2021年度に
　　 在学しており、2022年4月時点で大学2年生から大学
　　 4年生又は大学院1年生、大学院2年生に進級見込みで
　　 あること。
（3）最短修業年限で卒業見込みであること。
（4）修得単位数が標準単位数（※1）以上で、直近の学業
　　 成績につきGPA（平均成績）が2.9以上であること。
    ※標準単位数＝必要単位数÷修業年限×在学年数
（5）学修計画書の提出により、将来、社会で自立し、
　　 活躍する目標をもって大学等における学修意欲を有して
　　 いることが確認できること。
（6）本財団が企画する行事（懇親会等）への参加に協力する
　　 ことができること。
（7）申込時点で未成年の場合は、親権者の同意があること。

　　なお、応募に際して、世帯の所得水準及び他の給付型
　　奨学金受給の有無に関する制限はございませんが、審査
　　基準事項の一部となります。","
①　申込書（6か月以内に撮影したカラー写真付き）
②　誓約書
③　学修計画書
④　在学証明書（原本）
⑤　直近の成績証明書
⑥　住民票の原本（世帯全員のもので、本籍・マイナンバーの
　　記載がないもの）
　　　※一人暮らしで単独世帯の場合、親の世帯全員の住民票も
　　　　提出
⑦　父親・母親双方の令和３年度課税証明書又は所得証明書
　　　※市区町村発行の所得金額の記載があるもの。
　　　　 収入がない場合は所得金額のない非課税証明書でも可
　　　※両親不在の場合は扶養義務者のもの
⑦　個人情報の取扱いに関する同意書",全体 30名,1年間,"50,000円/月",募集要項,2022/02/14募集終了,直接
公益財団法人戸部眞紀財団,給付,"
＜対象分野＞
　化学、食品科学、芸術学/デザイン学、
　体育学/スポーツ科学、経営学
［1］日本国内の大学及び大学院で修学している者
［2］学部学生（3年生以上）、大学院学生（修士課程、
　　 博士課程）の者 
　　　※ 専門職学位課程は対象外とします。
［3］年齢が2022年4月1日現在で30才以下の者
［4］上記の対象分野で修学している者
［5］向学心に富み、学業優秀であり、且つ、品行方正で
　　 ある者
［6］学資の支弁が困難と認められる者
［7］奨学金を得ることで、学業や研究により一層の深化、
　　 発展が期待される者","
① 奨学生願書 （本財団指定用紙）
② 推薦状 
　　（本財団指定用紙。学長、学域長、研究科長等の推薦）
    　右上欄に学長または学域長・研究科長等の記名及び
    　職印押印のこと
    　（個人印は不可、他の役職者の場合は問合せのこと）
    　下欄に指導教員が記名捺印のこと、指導教員のみは不可(※)
③ 在学証明書
　　（原本。原本の取得が困難な場合は学生証のコピーでも可）
④ 成績証明書（原本。大学院生は学部時代からの累計のもの。
　　原本の取得が困難な場合は成績証明書のコピー又は
　　Web成績書の印刷でも可）
⑤ 住民票（原本。マイナンバーが記載されていないもの）
⑥ 他の奨学金（給付のみ）の機関名、期間、金額等を証明する写し
　 受給中のものについて提出のこと（終了しているもの、及び
　 貸与型については不要）
⑦ 写真1枚
　（横3.5cm×縦4.5cm、上半身正面脱帽、提出日より
　　3ヶ月以内に撮影したもの。裏面に氏名を書き、願書に
　　貼付のこと。写真データの印刷でも可）
(※)本学においては学長印を押印します。この欄はこちらで記名・
　　押印等しますので、空欄で結構です。 ",全体 45名,1年間 ,"50,000円/月",募集要項,2022/04/22募集終了,大学経由
公益財団法人富山文化財団,給付,"
以下の各項目にいずれも該当すると認められる者

・「楽しく豊かな遊び文化」「子供の遊育と健やかな成長」
　「日本のものづくり」 のいずれかに関わる事柄について
　目標を持って学業に取り組んでいること 
・学業優秀、品行方正であり、かつ経済的な支援を必要とすること 
・2022年4月時点で関東地方（茨城県、栃木県、群馬県、埼玉県、
　千葉県、東京都、神奈川県）の大学院、4年制大学、短大、
　専門学校（専修学校専門課程）、高等専門学校（1～5年と
　専攻科を含む）に在学する者 
・当財団の奨学生として以下の義務を履行できるもの 
　●必要書類を提出すること（成績証明書、在学証明書、
　　家計支持者の所得証明書、その他課題等財団が指定するもの） 
　●異動等の重要な事象が発生した場合には直ちに報告を行うこと 
　●奨学生のための行事に参加し、奨学生間の意識高揚、親睦に
　　努めること ","
(1) 願書
(2) 課題「私が叶えたい夢」についての論述
(3) 誓約書
(4) 身元保証書
(5) 担当教官・教授、担任等による推薦書の原本
(6) 在学校の在学証明書の原本
(7) 成績を証明する書類として以下の原本 
(8) 家計支持者の所得証明書",全体 32名程度,1年間,"25,000円/月",募集要項,2022/07/25,直接
一般財団法人中村財団,給付,"
以下の(1)～(5)のすべてに該当すること。
(1) 日本国籍を有すること 
(2) 国内の大学の経済系学部(※)に在籍する学部3年生であること 
(3) 応募締切日時点で年齢 25 才以下であること 
(4) 経済的な理由により学費の支弁が困難であること 
(5) 就学状況及び生活状況について適時報告できること 
　　　※経済学部、経営学部及び商学部、並びにこれらに類するもの
　　　（例：政治経済学部経済学科、社会・国際学群社会学類
　　　　　　経済学主専攻、理工学部経営工学科） ","
① 奨学生願書（所定の様式を用いて作成したもの） 
② 在学証明書（在学校が発行するもの） 
③ 成績証明書（在学校が発行するもの）
④ 住民票の写し（同一世帯内全員分の記載があるもの) 
⑤ 所得を証明する書類（家計支持者の所得を証明できるもの） 
⑥ 個人情報取り扱いに関する同意書（所定の様式を用いて作成した
　 もの）",全体 10名,2年間(学域3～4年次),"480,000円/年",募集要項,2022/05/31,直接
公益財団法人日揮・実吉奨学会,給付,"
指定大学の理工系学部、研究科に在学する日本国籍をもつ学生。
2021 年4 月1 日時点の年令30才未満。人物・学力に優れ、
健康である者。他の奨学金との併給可。

修学支援制度給付奨学金との併給可。
但し聴講生、日本学術振興会特別研究員採用者は不可。
また当会の奨学金を過去に受給した者は不可。 
※成績等を選考の上推薦。新入生も高校調査書の提出必須。
","
・所定申請書
・成績証明書",本学推薦4名,1年間 ,"300,000円",募集要項,2022/05/27,大学経由
公益財団法人似鳥国際奨学財団,給付,"
下記の①～②の項目にすべて該当する者とする。
（全ての資格は、2022年10月1日時点）
①国籍：日本国籍を有する人
　　＜外国籍を有する場合＞在留資格が、『永住者』
　　　または『定住者』の人は応募可能
②年齢・在籍課程・学年：
　　【学部（4年制）】23歳以下で、日本国内の大学の学部課程の
　　　　　　　　　　 1～4年に正規生として在籍予定の者
　　【大学院生】　　 25歳以下で、日本国内の大学の修士課程の
　　　　　　　　　　 1～2年に正規生として在籍予定の者","
オンラインでエントリーフォームを入力(学校推薦は不要) ",上・下期計100名,1年間,"50,000～80,000円/月",募集要項,2022/05/20,直接WEBエントリー
一般財団法人日本教育文化財団,給付,"
以下の(1)～(6)のすべてに該当すること。

（1）日本国籍を有すること
（2）国内の大学に進学した新一年生であること
（3）募集年度4月1日現在で年齢25才以下であること
（4）経済的な理由により学費の支弁が困難であること
（5）学業優秀且つ品行方正であること
（6）就学状況及び生活状況について適正に報告できること","
（1）奨学生願書
（2）在学証明書（入学校が発行するもの）
（3）成績証明書（卒業高校等が発行するもの）
（4）住民票（同一世帯内全員分の記載があり、
　　 マイナンバーの記載が無いもの)
（5）所得を証明する書類（家計支持者の所得を
　　 証明できるもの）
（6）個人情報取り扱いに関する同意書 ",全体 10名,正規の最短修業年限,"20,000円/月",募集要項,2020/06/30募集終了,直接
公益財団法人日本国際教育支援協会(JEES・ソフトバンクAI人材育成奨学金),給付,"大学院修士課程1年次在籍予定者。人工知能(AI)分野の学修・研究に取り組む者。
(1) 令和4年4月に、大学院修士課程1年次在籍予定者
(2) 日本国籍を有する者、日本への永住を許可されている者
　　又は私費外国人留学生(日本に在留中の在学資格は「留学」
　　であること。)
(3) 応募時点で人工知能(AI)分野の学修・研究に取り組む者
(4) 修学の目的又は計画が明確で、支援の効果が期待できる者
(5) 品行方正で、学業成績が優秀な者
(6) 学長の推薦を受けることができる者
(7) 日本語で面接を受けることができる者
(8) 社会人学生(休職中含む)でない者
(9) 令和4年9月30日時点で28歳未満の者
(1)願書
(2)推薦理由書
(3)成績証明書
本学推薦5名
1年間
80,000円/月一時金40,000円
募集要項2021/12/03募集終了大学経由
","(1)願書
(2)推薦理由書
(3)成績証明書",本学推薦5名,1年間,"80,000円/月一時金40,000円",募集要項,2021/12/03募集終了,大学経由
公益財団法人日本国際教育支援協会(JEES・MUFG緊急支援奨学金),給付,"次の各号のすべてに該当する者。
(1) 令和4年4月に、学域・大学院に在籍する日本人学生(永住
　　許可者含む)、又は令和4年4月に日本に在留している私費
　　外国人留学生のうち、在留資格が「留学」である者。
(2) 新型コロナウイルス感染症の影響により、経済的な損失が
　　発生し、学修の継続に経済的援助を必要としている者。
　　(例：アルバイトを失業した者。アルバイト収入が新型コロ
　　　　ナウイルス感染症蔓延以前と比較して大幅に減少した者。
　　　　家族からの仕送りが減少した者等。)
(3) これまでにJEES奨学金、JEES冠奨学金を受給していない者、
　　または受給予定でない者。
(4) 人物が優れていて、学修に真摯に取り組んでいる者
(5) 令和4年4月に在籍する大学の長の推薦を受けることができる者

(1)願書
　　※新型コロナウイルス感染症の影響により経済的に困窮している
　　　状況について記入する欄は、必ず具体的に記入してください。

(2)新型コロナウイルス感染症の影響により経済的に困窮している
　 状況について確認できる書類
　　例：アルバイトの給与明細(減額前と減額後の直近３か月分）、
　　　　家族からの仕送りの減少が分る口座通帳の写し、
　　　　コロナ感染症対策に係る国や地方公共団体が行う公的支援
　　　　受給証明書 等
　　　　
　　※願書に記載された内容等により、書類の追加提出依頼や面談を
　　　行う場合があります。
本学推薦4名
－
100,000円
募集要項2022/05/24大学経由
","
(1)願書
　　※新型コロナウイルス感染症の影響により経済的に困窮している
　　　状況について記入する欄は、必ず具体的に記入してください。

(2)新型コロナウイルス感染症の影響により経済的に困窮している
　 状況について確認できる書類
　　例：アルバイトの給与明細(減額前と減額後の直近３か月分）、
　　　　家族からの仕送りの減少が分る口座通帳の写し、
　　　　コロナ感染症対策に係る国や地方公共団体が行う公的支援
　　　　受給証明書 等
　　　　
　　※願書に記載された内容等により、書類の追加提出依頼や面談を
　　　行う場合があります。",本学推薦4名,－,"100,000円",募集要項,2022/05/24,大学経由
公益財団法人日本通運育英会,給付,"
以下のA～Dのいずれにも該当すること。

A. 保護者等が次の（1）（2）いずれの項目にも該当するに
　至った者で、学校教育法による大学に在学する者のうち、
　学術優秀、品行方正でありながら経済的理由で修学が困難
　な者。
（1）交通事故により死亡し、または自動車損害賠償保障法
　　施行令別表第1および別表第2に掲げる第1級から第7級の
　　等級もしくは身体障害者福祉法施行規則別表第5号に
　　掲げる1級から4級の等級に該当する後遺障害が存するに
　　至ったとき。
（2）生活保護法第6条第2項に規定する要保護者または
　　これに準ずる程度に困窮していると認められる者と
　　なるに至ったとき。
　　
B.　2022年4月1日現在、20歳以下の者。

C.　家計の収入基準
　日本学生支援機構給付型奨学金収入基準の「第2区分」に
　示されている金額以下に該当すること。

　例：（〇）印が給与所得者の場合、年間の収入金額の目安
　　2人世帯：本人、父または母（〇）の場合、332万円以下
　　3人世帯：本人、父または母（〇）、高校生の場合、
　　　　　　 391万円以下

D.　学業成績等の基準
　　次のいずれかに該当すること
（1）申込時の年次が1年次の場合
　ａ．高等学校等の評定平均値が5段階評価で3.0相当以上の者。
　ｂ．高等学校卒業程度認定試験の合格者
（2）申込年次が2年次以上
　　GPA等が在学する学部等の上位1/2の範囲に属すること","
A.奨学資金給付申請書
　（様式第10号、本人写真貼付け：当財団HPよりダウンロード可能）

B.推薦書
（1）申込時の年次が1年次の場合
　　卒業高等学校等の学校長の推薦書
　　（様式第11号：HPよりダウンロード可能）
（2）申込年次が2年次以上
　　在籍大学の学校長もしくは学部長の推薦書
　　（様式第12号：HPよりダウンロード可能）

C.学業成績証明書等
（1）申込時の年次が1年次の場合
　ａ．卒業高等学校等の調査書（原本、開封無効）
　ｂ．高等学校卒業程度認定試験合格者は、合格成績証明書の写し
（2）申込年次が2年次以上
　在籍大学の学業成績証明書（原本）

D.在籍大学の在学証明書（原本）

E.扶養者の所得に関する証明書
・給与所得者は直近の源泉徴収票の写し
・給与所得者以外は、直近の所得・課税証明書または非課税証明書・
　住民税決定証明書等（市区町村が発行した収入および所得控除金額
　の記載のあるもの）
・生活保護受給者は、直近の生活保護受給証明書（福祉事務所発行）

F.交通事故証明書の写し（自動車安全運転センター発行）。
　自動車安全運転センターから交通事故証明書が入手出来ない場合、
　交通事故証明書（様式第14号：HPよりダウンロード可能）を使用し
　学校長あるいは民生委員の証明を受ける。
　もしくは上記証明書に替えて、死亡診断書、医師の診断書等で
　交通事故であることが確認できるものの写しでも可。

G.後遺障害の内容を証明する書類（保護者が死亡の場合は不要）
　後遺障害証明書（様式第15号：HPよりダウンロード可能）に
　医師、自動車損害賠償保険金取扱い保険会社等の証明を受けるか、
　身体障害者手帳の写し（1級～4級の等級が記載されている面の
　写し）、もしくは医師の「状態や就労不能」の内容が記載され
　ている診断書を提出する

H.戸籍謄本（保護者の死亡日確認と申請者との関係の確認）
　保護者の死亡の場合、死亡日が記載されているもの

　※推薦書の推薦所見の作成を依頼できる教員がいない場合は、
　　自己推薦書を作成し、経済支援係に提出してください。",全体 20名,最大4年間,"30,000円/月",募集要項,2022/04/14募集終了,大学経由
公益財団法人日本未来財団,給付,"
 以下の(1)～(6)のすべてに該当すること。

（1）日本国籍を有すること
（2）国内の大学・大学院に学ぶ者であること
（3）学部3年生又は修士1年生であること
（4）募集年度4月1日時点で年齢25才以下であること
（5）経済的な理由により学費の支弁が困難であること
（6）就学状況及び生活状況について適正に報告できること","
（1）奨学生願書
（2）在学証明書（在学校が発行するもの）
（3）成績証明書（大学生  ･･･在学校が発行するもの, 
　　　　　　　　 大学院生･･･卒業大学等が発行するもの)
（4）住民票（同一世帯内全員分の記載があり、マイナンバーの
　　　　　　 記載が無いもの)
（5）所得を証明する書類（家計支持者の所得を証明できるもの）",全体 10名,1年間,"25,000円/月",募集要項,2022/02/28募集終了,直接
一般財団法人人間塾,給付,"
1. 関東圏（東京都、埼玉県、千葉県、神奈川県、茨城県を含む
　１都４県）の大学又は大学院に在籍している日本国籍を有する学生
2. 学業に意欲的であり優秀である者
3. 人間塾の理念を理解し、それを実践する意欲のある者
4. 人間塾主催の研修や講演会に出席する意思がある者
5. 人間性豊かな者
6. リーダーとしての資質を有する者
7. 将来、社会への影響力を期待できる者
8. 年齢が満30歳未満の者","
①スカラーシップの願書（当財団指定のもの）
②写真1枚
③履歴書（当財団指定のもの）
④在学証明書（大学発行のもの）
⑤成績証明書
⑥父と母、及び同一生計家族全員分の前年度の
　所得証明書
⑦指導教員又は主任教授の直筆（肉筆）の推薦書
⑧応募者本人の小論文 
⑨保護者の小論文
⑩応募者自身の住所氏名を記載した返信用の
　はがき１枚",全体 30名,1年間,"100,000円/月",募集要項,2021/12/11募集終了,直接
公益財団法人野崎わかば会,給付,"
日本全国の大学等の学生のうち、成績優秀かつ人物に優れ、
経済的に学業の継続が困難と認められる者でかつ本法人の
目的に合致する者とします。

情報理工学域　3年生が対象
"," 
① 奨学金申請書
② 市区町村長の前年度所得証明書
③ 在学学校長の推薦書
④ 在学証明書
⑤ 学業成績証明書
指導教員等、推薦書の作成を依頼できる教員がいない場合は、
自己推薦書を作成してください。 ",本学推薦1名,正規の最短修業年限 ,"30,000円/月",募集要項,2022/05/17募集終了,大学経由
公益財団法人野島財団,給付,"
・財団が指定する大学に在籍している学生であること
・2022年4月時点で学域2、3年生であること。
・学業に対して熱意をもって取組、社会に対する貢献意欲の高い方

他の給付型奨学金との併用不可。","
＜１次＞WEBエントリーによる書類選考
（氏名、住所、学歴等の入力、論文、2分程度の自己PR動画を
　提出していただきます。）

＜２次＞1次合格者に対する面接
　(1)成績証明書
　(2)履歴書",全体 12名,正規の最短修業年限 ,"50,000円/月",募集要項,2022/04/26募集終了,直接
公益財団法人林レオロジー記念財団,給付,"
(1)未来に役立つ理論・メカニズムの設計工学・ロボット工学・AI技術・
　 IT技術・制御工学等の自動製造システムに関する学問を習得又は学術
　 研究を志す工学部・理学部系の大学院生および大学生、若しくは
　 「食品産業に関する」農水産学部・生命科学部系等の大学院生
　 および大学生を対象とし、かつ次の1から3の条件をすべて満たして
　 いることが必要です。

　　　1. 令和4年4月に大学3年生若しくは大学4年生に進級する人、
　　　　または、大学院前期（修士課程）の1年生に進学を希望する人
　　　　若しくは大学院前期（修士課程）の2年生に進級する人。
　　　　(9月進学・進級者は除く)
　　　2. 品行方正で学習意欲の高い人。
　　　3. 学業成績が一定水準以上の人。

(2)前年度応募者および前年度奨学生であっても、応募資格を
　 有するものとします。
(3)他の奨学金制度に応募し、又は他の奨学金制度を現に利用している
　 場合であっても、応募資格を有するものとします。(但し、他の奨学金
　 制度も併願可能な場合に限ります。)","
1. 奨学生願書(指定用紙／Excelで記入のこと)
2. 自己紹介（A4用紙片面 1枚／Wordで記入のこと）
3. 大学学長、研究科長、学部長または大学教授の推薦書
　（必須：指定用紙）Word／PDF
4. 課題小論文
　　小論文の課題：私が研究テーマとして考えたい、SDGs
　　(持続可能な開発目標)について
　　字数の制限 ：750字以上800字以内(原稿用紙2枚にまとめること)
　　原稿用紙　　：本財団指定の原稿用紙に自筆で論述すること",本学推薦：学部・大学院各1名程度,正規の最短修業年限,"学部：30,000円/月大学院：50,000円/月",募集要項,2021/10/15募集終了,大学経由
原・フルタイムシステム工学育英奨学金,給付,"
以下の(1)～(6)のすべてに該当する者。
(1)  日本国籍を有すること 
(2)  国内の大学・大学院の工学系学部又は工学系研究科に学ぶ者で
　　 あること 
(3)  新たに学部3年生又は修士1年生となる者であること 
(4)  募集年度4月1日時点で年齢30才以下であること 
(5)  経済的な理由により学費の支弁が困難であること 
(6)  就学状況及び生活状況について適時報告できること*

    *年に2回（1月、8月に）レポートを提出すること","
①  奨学生願書
②  在学証明書：在学校が発行するもの 
③  成績証明書：大学生・・・　在学校が発行するもの
　　　　　　　　大学院生・・・卒業大学等が発行するもの 
④  住民票：同一世帯内全員分の記載があり、マイナンバーの
　　　　　　記載が無いもの 
⑤  所得を証明する書類：家計支持者（保護者＋本人）の
　　 所得を証明できるもの（アルバイトを含む） 
⑥  個人情報取り扱いに関する同意書 ",全体 10名,2年間 ,"40,000円/月",募集要項,2022/06/10,直接
公益財団法人バロック村井博之財団,給付,"
・日本国内に居住する者で、日本国内の大学、短期大学、
　専門学校（以下「大学等」と言う。）に在学する日本人学生
　及び外国人留学生。 
・他の給付型奨学金を受給していない者。 
・本財団が企画する行事（贈呈式等）への参加に協力する
　ことが出来る者。 
＊世帯所得は書類選考の判定に使用しますが、世帯所得に
　よる応募制限はありません。","
①  申込書  写真付/カラー/6 ヶ月以内
②  誓約書
③  小論文 
　　 論文課題 
　　　以下のいずれかのテーマを選択 
　　　・「グローバル社会へ飛躍するために」 
　　　　　～学生として何を学び、どう成長すべきか～ 
　　　・「サスティナブルな社会の実現のために」
　　　　  ～日本の産業界は何に取り組むべきか～ 
④  在学証明書（原本）
⑤  成績証明書
⑥  口座届
⑦  住民票の原本
⑧  在学学長又は在学学校長の推薦書 
⑨  個人情報の取扱いに関する同意書 


指導教員等、推薦書の作成を依頼できる教員がいない場合は、
自己推薦書を作成してください。",全体 30名程度,1年間,"30,000円/月",募集要項,2022/04/27募集終了,大学経由
公益財団法人平山教育財団,給付,"
(1)東京都に在住する東京都民（日本国籍）であること
(2)東京都に所在する大学に在学中の
　 募集年度 新入生であること(学部は不問)
(3)学業人物共に優れ、健康であること
(4)経済的な理由で修学が困難な者","
①奨学生願書
②学長の推薦状
③高校卒業時の成績証明書
④在学証明書
⑤写真1枚(4×5㎝程度)を願書に貼付
⑥住民票",本学推薦1～2名（全体で約10名）,正規の最短修業年限,"10,000円/月",募集要項,2022/04/28募集終了,大学経由
公益財団法人フジシール財団,給付,"
(1)対象は学域3年生・修士1年生
(2)向学心に富み、学業優秀であり、かつ、品行方正である者。
(3)チャレンジ精神が旺盛で国際感覚をもつ者。
(4)パッケージに関連のある分野<※>を専攻する学生。
　　　※化学、貴会、電気電子、パッケージデザイン等","
①奨学生申込書（財団指定用紙）
②成績証明書
③推薦書
④在学証明書
⑤審査のためのレポート",本学推薦学域・修士各1名,正規の最短修業年限,"学域：50,000円/月院生：60,000円/月",窓口配布,2022/04/13募集終了,大学経由
フルブライト奨学金,給付,"
1. 日本国籍を有すること。
  （日米の二重国籍者あるいは米国永住権を持つ者は応募不可）
2. 日本在住の者。
3. 米国で支障なく学術活動が行えるだけの充分な英語能力があること。
　 また、学術的能力のみならず、高いコミュニケーション能力がある
　 こと。
4. 米国で研究を計画しているテーマに関する専門知識に限らず、
　 広い視野と関心を有すること。
5. 米国で支障なく学術活動が行えるよう、心身ともに健康であること。

a. 将来日本の大学または大学附置の研究機関で教職または研究職を
　 志望する日本の大学院在籍者。
b. 博士号を持たない日本の大学教員、研究者。
c. 社会人として培った経験・知識を大学院レベルの勉強に生かすことの
　 できる者。将来、その経験を日本社会に還元する意思があり、特に
　 優秀な者。","
・願書（オンライン）
・履歴書（和文、英文）
・英文成績（在籍）・卒業証明書
・英文推薦状3通
・TOEFL/IELTSスコアレポート（PDF） ",－,原則12ヶ月、更新の可能性あり,"「授業料は40,000ドルを上限」。他に生活費等、別途支給",募集要項,2021/05/31募集終了,直接WEB
公益財団法人本庄国際奨学財団（日本人大学院生奨学金）,給付,"
 (すべての資格に該当すること)
1． 日本国籍を持つ者。 
2． 2022 年 4 月時点で大学院に在籍している者。
　　または 2022 年 4 月に入学を予定している者。
　　申請時にすでに在籍している方、申請時に在籍していない
　　（社会人である）方も応募可能です。 
3． 2022 年 4 月時点で在籍期間が残り 1 年以上あること。 
4． 専門職大学院は原則的に対象外ですが、研究計画書を
　　提出できる場合は、応募可能です。 
5． 博士課程はすでに在籍中の場合は35歳までに
　　入学していること、これから入学する場合は入学時に
　  35歳以下であること、
　　修士課程はすでに在籍中の場合は30歳までに
　　入学していること、
　　これから入学する場合は入学時に30歳以下であること。 
6． 大学院修了後は母国に貢献する将来計画を持つ者。 
7． 国際親善や交流に理解を持ち、財団で行う行事や
　　同窓生ネットワークに積極的に参加または協力できる者。","
1.成績証明書（日本語または英語。それ以外の言語の場合は
　　　　　　　　　翻訳を添付してください。） 
　1-1  出身大学、学部のもの（必須） 
　　　　 高等専門学校から大学へ編入している場合は
　　　　 高等専門学校の成績証明書も必要です。 
　1-2  大学院のもの（無い場合は提出不要です。） 

2. 研究計画書：指定の用紙に日本語で書いてください。 
　 指定の用紙は奨学金ウェブ申請システムの中にあります。 
　　2-1  これからの研究内容   
　　2-2  社会への貢献について（大学院修了後に社会に対して
　　　　　どのような貢献をしたいのか） 
　　2-3  実績（研究、学校や社会での活動について評価されたもの）

　　 以上3点について日本語で指定された用紙に収まるように
　　 書いてください。 
　　 指導教授の推薦状1通：申請者の学業、人物、将来性に
　　 ついての所見を書いていただいてください。 

3. 入学許可書、合格通知書など入学を証明できる書類。
　　奨学金申請時にすでに在学中の場合は在学証明書 ",全体 若干名,正規の最短修業年限 ,"150,000円～200,000円/月詳細は募集要項参照",募集要項,2021/10/31募集終了,直接
一般財団法人松原奨学財団,給付,"
以下の(1)～(7)のすべてに該当すること
(1)日本国籍を有し、日本国内の大学に在籍する者
(2)募集年度4月1日時点で大学2～3年に在学する者
(3)募集年度4月1日時点で満23歳未満であること
(4)成績要件及び収入要件を満たしていること
(5)在学する学校長、学長、指導教員等が推薦する者
(6)学費の支弁が困難と認められる者
(7)心身ともに優れている者

成績要件：GPA換算で3.0以上であること
収入要件：世帯年収の基準は、給与所得者の場合は800万円未満、
給与所得者以外の場合は400万円未満
※収入の種類、金額、世帯構成、通学形態、家庭の事情等を考慮する。","
①奨学生願書(証明写真貼付)
②在学証明書
③学業成績証明書
④前年度所得証明書
⑤在学学校長の推薦書
指導教員等、推薦書の作成を依頼できる教員がいない場合は、
自己推薦書を作成してください。",本学推薦2名,2年間,"30,000円/月",募集要項,2022/05/17募集終了,大学経由
公益財団法人マブチ国際育英財団,給付,"
(1)経済的に困窮し就学困難な者（世帯収入500万円未満）
(2)アジア諸国の国籍（日本国籍を含む）を有し日本に在住する、
　 指定大学の正規学部に通う１,２年生
(3)大学の勉学に必要な日本語能力（概ねN2以上）を有する者
(4)健康で学業成績優秀な者
　　大学２年生の基準成績
　　・ＧＰＡ採用大学：２．５以上
(5)在籍大学の学長の推薦を受けられる者
(6)当財団の奨学金支給時に、他の給付型奨学金を支給されて
　 いない者。
　 ただし、次の奨学金については、月額5万円までは併給を認め
　 5万円を超過した金額を当財団の奨学金より減額します。
　　・文部科学省の高等教育の修学支援新制度（授業料等減免は
　　　当財団の奨学金に影響しません）
　　・文部科学省の外国人留学生学習奨励費（独立行政法人日本
　　　学生支援機構の留学生受け入れ促進プログラム）
　　・地方自治体による給付型奨学金のうち併給を認めているもの
　　・大学による給付型奨学金等のうち併給を認めているもの","
1次選考通過者に財団から奨学生願書一式をメールで送付(4/22予定)

①課題作文（各600字程度）
　・大学で何を学び、社会にどのように役立てていきますか。
　・公益財団法人マブチ国際育英財団「設立趣意書」「奨学生憲章」
　 「奨学生の心得」を読んで、あなたが感じ考えた事は何ですか。
　・自己PR（高校または大学生活を通じて自らが行った活動、実績に
　　ついて自らをＰＲできること（あなたらしさを表していること）を
　　出来るだけ箇条書きで記入してください。）
②在籍大学の大学長または学部長名で発行する推薦書
③在学証明書
④写真１枚　上半身正面向きで３ケ月以内に撮影したもの 
　4.5cm × 3.5cm（願書に貼付）
⑤健康診断書（1年以内に発行されたもの）
⑥両親所得証明書（留学生は自国から取り寄せ、各自日本語に翻訳した
　ものを添付してください。
　原本の郵送が遅れる場合は、写真・スキャンファイル・FAX等を印刷
　したものを提出し、原本が届き次第当財団に郵送してください。）
⑦2022年4月以降給付を受ける、他の奨学金の給付金額と期間を
　証明できる書類（当財団奨学生認定後、在籍大学に併給状況を
　含めて報告します。
⑧その他
　1年生：入学金納付者は、領収書または振込書のコピー
　2年生：1年次の成績証明書
　留学生：在留カード両面のコピー
　日本人：住民票原本


　※推薦書の推薦所見等の作成を依頼できる教員がいない場合は、
　自己推薦書を作成し、4/25(月)までに経済支援係に提出して
　ください。",全体 50名程度,1年間,"100,000円/月※入学一時金300,000円(新入生のみ)",募集要項,1次2022/04/152次2022/05/10募集終了,直接
公益財団法人丸和育志会,給付,"
【趣旨】
社会に貢献する高い志を持ち、現在及び将来の日本と世界を担う
人材の育成を図る 特に、『人間の心身の健康』（個人・組織・社会の
健康／健全性の実現）に関係する知識や知性の習得・研究に意欲を
持つ学生を選考し、本人の自己開発チャレンジに必要な奨学金を
給付する。

応募資格：【趣旨】に沿う学生で以下の条件を満たす者
ア．丸和育志会指定大学の学部2～4年生、及び大学院修士1､2年生
　　但し学部4年生は修士課程への進学、修士2年生は博士課程への
　　進学予定者に限る
イ．原則として日本国籍を有する者
ウ．他の奨学金制度との併願、及び併用可 また卒業後の就職に
　　関する条件は特にない","
① 奨学生願書（当公益法人指定様式）
② 奨学生推薦書（当公益法人指定様式）
③ 自己開発計画書
　 ア. テーマ：
　　　「有能な社会人に成長するため、本奨学金を活用し、今やって
　　　みたい、是非経験してみたい、と思うこと」を自由に記述する
　　　こと
　イ. 表現スタイル：
　　　自由、ただし自己開発計画書には以下の内容を記述すること
　　　 ・背景と狙い　・実施時期
　　　 ・奨学金の使途　 ・実施後のイメージ
　 ウ. プレゼンテーション：
　　　2022年8月27日開催の最終審査選考会で自己開発計画書の
　　　内容を、パワーポイント等を用いて分かり易く説明すること
　　　(説明10分、質疑応答10分)


　※推薦書の推薦所見等の作成を依頼できる教員がいない場合は、
　　自己推薦書を作成しください。",本学推薦3名,1年間,"500,000円/年",募集要項願書希望者は窓口問合せ,2022/06/30,大学経由
港区教育委員会,給付,"
【港区給付奨学金の趣旨】
港区の給付奨学金は、大学等に在学する学生のうち、経済的理由により
修学が困難な方に対して奨学金を給付し、将来社会のために有為な
人材を育成することを目的としています。

【対象】
奨学金を受けようとする者の生計を維持する者が、給付の日の
6月前から引き続き区内に住所を有すること
(例：４月分から給付される場合は、4月1日が基準日となります。)

その他、対象大学・成績等基準・家計に係る基準等については
募集要項(港区HP)を参照してください。","
① 奨学生給付申請書
② 奨学生推薦調書
③ 在学を証明する書類
④ 課税証明書、納税証明書、特別徴収税通知のいずかれか(該当者のみ)
⑤ 国(日本学生支援機構)の給付型奨学金採用候補決定通知の写し
　 (該当者のみ)
⑥ 成績等を証明する書類またはレポート(該当者のみ)
⑦ 在留資格及び在留期間が明記されている証明書(該当者のみ)
⑧ 施設等在籍証明書等(該当者のみ)
⑨ 自宅外通学者であることを示す証明書(該当者のみ)", - , - , - ,募集要項,1次：2022/05頃2次：2022/08頃,直接
一般財団法人守谷育英会,給付,"
(1) 東京都内の高校、高専、短大、大学、大学院に在学、
　　または東京都内に居住し高校、高専、短大、大学、
　　大学院に在学している学生生徒で、学業、人物とも
　　優秀であって、学資の支弁が困難な者。

※2022年度は日本人のみ募集
（永住者や家族滞在ビザをお持ちの外国籍の方は対象）
","
A. 学生願書
B．参考資料
C．成績証明書
D．在学証明書
E．父、母、あるいは主たる家計支持者の前年の
　 所得証明書 
F．指導教官または主任教授の推薦書
G．写真1枚
H．住民票の写し ※都内に居住で東京都以外に
　 所在の学校に在学する方のみ",全体 約70名程度,正規の最短修業年限 ,"120,000円/月",募集要項,2022/04/14募集終了,大学経由
公益財団法人山田長満奨学会,給付,"
国籍・・・問わず。ただし、日本以外の国籍を有する者に
　　　　　ついては、原則として、在留資格が「留学」で
　　　　　来日している者。なお、永住権所持者については、
　　　　　不問とする。

年齢・・・1987年4月1日以降に生れた者（35歳未満の者）

居住地・・日本国内に居住する者。

在籍大学
　　・・・大学生・大学院生ともに国内に所在する大学、
　　　　　大学院修士課程・博士課程学生

非両立性
　　・・・兄弟姉妹、夫婦の関係にある者は、同時に奨学生には
　　　　　なれない。
　　　　　別個に支給を受けている2人が結婚すれば、どちらか
　　　　　1人は受給の資格を失う。

非重複性
　　・・・かつて公益財団法人山田長満奨学金の支給を受けて
　　　　　いた者は、応募資格がない。

交流会への出席
　　・・・毎月指定の給付日（第2金曜日）に直接受取に来られる者。
　　　　　なお、交流会出席にかかる交通費等は支給しない。

情報公開の可能性の表示
　　・・・奨学生は、当奨学会のホームページ、奨学生名簿、
　　　　　当奨学会の事業で、氏名、大学・学部・学科・研究科を
　　　　　記載することがある。また、当奨学会の事業で公表する
　　　　　ことがある。","
(1)提出書類確認表
(2)願書Ａ、Ｂ
(3)写真
(4)小論文
(5)推薦状
(6)成績証明書
(7)在学証明書
(8)居住地の市区町村役場で発行する住民票の
　 記載事項証明書
(9)上級課程進学予定の者は、上級課程
　　合格通知の写し

推薦書の作成を依頼できる教員がいない場合は、自己推薦書を作成し、
締切の２週間前までに経済支援係に提出してください。 ",全体 6名,1年間,"120,000円/月",募集要項,2021/12/24募集終了,直接
公益財団法人山村章奨学財団,給付,"
以下の(1)～(5)のすべてに該当すること。

(1) 日本国籍を有すること 
(2) 国内の大学の工学系学部※に在籍する学部 3 年生であること 
(3) 募集年度4月1日時点で年齢25才以下であること 
(4) 経済的な理由により学費の支弁が困難であること 
(5) 就学状況及び生活状況について適時報告できること 
※工学部及びこれに類するもの
（例：創造工学部、理工学部機械工学科）","
① 奨学生願書（所定の様式を用いて作成したもの） 
② 在学証明書（在学校が発行するもの） 
③ 成績証明書（在学校が発行するもの）
④ 住民票の写し（同一世帯内全員分の記載があるもの) 
⑤ 所得を証明する書類（家計支持者の所得を証明できるもの） 
⑥ 個人情報取り扱いに関する同意書
　（所定の様式を用いて作成したもの）",全体 10名,2年間(学域3、4年次) ,"480,000円/年",募集要項,2022/05/31,直接
公益財団法人吉田育英会＜マスター21＞給与奨学生,給付,"
次に掲げる要件をすべて満たす方とします。 
・日本国籍を有する方。 
・2022年4月1日現在において、27歳未満である方。 
・2022年4月1日現在において、当会の指定する
　大学(推薦依頼校)の学部4年次に在学中の方。 
・2022年秋季または2023年春季に日本の大学院修士課程
　(標準修業年限が2年で、修了者に修士の学位が授与
　される課程。博士前期課程を含む。)、
　または一貫制博士課程に入学を希望する方。 
・進学先大学院において自然科学系分野を専攻する方。","
①願書（第1号様式G） 
②推薦書（学部における主指導教官によるもの）
　（第2号様式G） 
③成績証明書（学部1～3年。高等専門学校からの
　編入者の場合、高等専門学校において相当する
　年度のものを含む） ",本学推薦1名,正規の最短修業年限 ,"80,000円/月授業料等、募集要項参照",募集要項,2022/04/25募集終了,大学経由
公益財団法人吉田育英会＜ドクター21＞給与奨学生,給付,"
次に掲げる要件をすべて満たす方とします。 
・日本国籍を有する方。
・2022年4月1日現在において、30歳未満である方。
・2022年4月1日現在において、大学院修士課程
　(博士前期課程を含む。)または一貫制博士課程の
　2年次に在学中の方。 
・2022年秋季または2023年春季に日本の大学院博士
　後期課程(標準修業年限が3年で、修了者に博士の
　学位が授与される課程)に入学を希望する方、
　または一貫制博士課程の3年次に進学もしくは
　編入学を希望する方。 
・進学先大学院において自然科学系分野を専攻する方。","
①願書（第1号様式H）
②推薦書（主指導教官によるもの）
 （第2号様式H） 
③成績証明書
 （学部及び修士課程。高等専門学校からの編入者の場合、
   学部の証明書については高等専門学校において相当する
   年度のものを含む） 
④主要な論文の要約（Ａ4用紙縦2枚以内、横書き） 
　　※現在、完成した論文がない場合は、執筆中または
　　　執筆予定の論文の要約を提出してください。
　（この場合、執筆中または執筆予定である旨を明記してください。）",全体 5名程度,正規の最短修業年限,"200,000円/月授業料等、募集要項参照",募集要項,2022/04/11募集終了,直接
公益財団法人米濵・リンガーハット財団,給付,"
(ア) 鳥取県・長崎県内の大学（2～4年）・大学院に在籍する者
　　　及び鳥取県・長崎県内の高等学校等を卒業し、他都道府県の
　　　大学（2～4年）・大学院に在籍する者
(イ) 出願する年度の4月現在、大学（2～4年）、
　　 大学院博士前期（修士）課程・博士後期課程に在学する者
(ウ) 2022年3月31日時点で、原則として大学生は満23歳以下､
　　 大学院生は満33歳以下であること。留学生の場合、
　　 原則として大学生は満31歳以下､大学院生は満38歳以下で
　　 あること
(エ) 成績要件及び収入要件は以下のとおりとする
【大学生】
（１）成績要件
　　　原則、前年度までの成績(GPA)が3.00以上の者
（２）収入要件
　　　収入の種類、金額、世帯構成、通学形態、家庭の事情などを
　　　全て考慮するが、目安となる家計収入の上限は、
　　　給与収入世帯の場合は世帯合計収入600万円未満、
　　　給与収入以外の世帯の場合は、自営業などその他収入
　　　340万円未満とする
【大学院】
（１）成績要件
　　　原則、前年度までの成績(GPA)が3.00以上の者
（２）収入要件
　　　収入の種類、金額、世帯構成、通学形態、家庭の事情などを
　　　全て考慮するが、目安となる家計収入の上限は、
　　　給与収入世帯の場合は、世帯合計収入600万円未満、
　　　給与収入以外の世帯の場合は、自営業などその他収入
　　　340万円未満とする
(オ) 在学する学長、研究科・専攻長、指導教官等の推薦する者
(カ) 学費の支弁が困難と認められる者
(キ) 心身ともに優れている者","
① 奨学生願書（所定様式による）
② 写真（たて4ｃｍ×よこ3ｃｍで裏面に記名の上、
　 ①の奨学生願書に貼付）
③ 家計支持者の収入（年収額）を証明する書類
　（源泉徴収票、確定申告、あるいは所属市区町村発行の
　　所得証明書：写しで可）
④ 研究計画書またはゼミや授業で取り組んでいること
　 (所定の用紙に記載のこと。5枚以内)
⑤ 在学証明書
⑥ 学業成績証明書(GPAが記載されているもの。
　 大学がGPAを証明書に記載していない場合は、
　「10.GPAについて」をもとにして成績証明書の余白に
　　応募者がGPAを計算し記載すること) 
⑦ 推薦書(1通。学長、研究科・専攻長、指導教官のうち
　 いずれか1名により書かれたもの。
　 また学校指定のものが存在する場合はそれを使用)",全体 15名程度,正規の最短修業年限 ,"20,000円/月",募集要項,2022/05/17募集終了,大学経由
